id_peptide;name;family

"NOR00001";"daptomycin";"daptomycin"
"NOR00002";"A54145 A";"A54145"
"NOR00003";"A54145 B";"A54145"
"NOR00004";"A54145 C";"A54145"
"NOR00005";"A54145 F";"A54145"
"NOR00006";"ACV";"ACV"
"NOR00007";"alamethicin F50";"alamethicin"
"NOR00008";"[des(1-6).Pyr7] alamethicin F50";"alamethicin"
"NOR00009";"[Aib6] alamethicin F30";"alamethicin"
"NOR00010";"alamethicin F30";"alamethicin"
"NOR00011";"[Glu19] alamethicin F30";"alamethicin"
"NOR00012";"[Aib6.Glu19] alamethicin F30";"alamethicin"
"NOR00013";"[des(1-6).Pyr7] alamethicin F30";"alamethicin"
"NOR00014";"[desPheol] alamethicin F30";"alamethicin"
"NOR00015";"[Aib6.desPheol] alamethicin F30";"alamethicin"
"NOR00016";"[Aib6.Glu7] alamethicin F30";"alamethicin"
"NOR00017";"[Glu7] alamethicin F30";"alamethicin"
"NOR00018";"bacitracin A1";"bacitracin"
"NOR00019";"bacitracin A2";"bacitracin"
"NOR00020";"bacitracin B2";"bacitracin"
"NOR00021";"bacitracin B3";"bacitracin"
"NOR00022";"bacitracin C";"bacitracin"
"NOR00023";"CDA1b";"Calcium dependent antibiotic"
"NOR00024";"CDA2a";"Calcium dependent antibiotic"
"NOR00025";"CDA2b";"Calcium dependent antibiotic"
"NOR00026";"CDA3a";"Calcium dependent antibiotic"
"NOR00027";"CDA3b";"Calcium dependent antibiotic"
"NOR00028";"CDA4a";"Calcium dependent antibiotic"
"NOR00029";"CDA4b";"Calcium dependent antibiotic"
"NOR00030";"CDA2d";"Calcium dependent antibiotic"
"NOR00031";"CDA2fa";"Calcium dependent antibiotic"
"NOR00032";"CDA2fb";"Calcium dependent antibiotic"
"NOR00033";"cyclosporin A";"cyclosporin"
"NOR00034";"cyclosporin B";"cyclosporin"
"NOR00035";"cyclosporin C";"cyclosporin"
"NOR00036";"cyclosporin D";"cyclosporin"
"NOR00037";"cyclosporin E";"cyclosporin"
"NOR00038";"cyclosporin F";"cyclosporin"
"NOR00039";"cyclosporin G";"cyclosporin"
"NOR00040";"cyclosporin H";"cyclosporin"
"NOR00041";"cyclosporin I";"cyclosporin"
"NOR00042";"cyclosporin K";"cyclosporin"
"NOR00043";"cyclosporin L";"cyclosporin"
"NOR00044";"cyclosporin M";"cyclosporin"
"NOR00045";"cyclosporin N";"cyclosporin"
"NOR00046";"cyclosporin O";"cyclosporin"
"NOR00047";"cyclosporin P";"cyclosporin"
"NOR00048";"cyclosporin Q";"cyclosporin"
"NOR00049";"cyclosporin R";"cyclosporin"
"NOR00050";"cyclosporin S";"cyclosporin"
"NOR00051";"cyclosporin U";"cyclosporin"
"NOR00052";"cyclosporin V";"cyclosporin"
"NOR00053";"cyclosporin W";"cyclosporin"
"NOR00054";"cyclosporin X";"cyclosporin"
"NOR00055";"cyclosporin Y";"cyclosporin"
"NOR00056";"cyclosporin Z";"cyclosporin"
"NOR00057";"cyclosporin 26";"cyclosporin"
"NOR00058";"cyclosporin 27";"cyclosporin"
"NOR00059";"cyclosporin 28";"cyclosporin"
"NOR00060";"cyclosporin 29";"cyclosporin"
"NOR00061";"cyclosporin 30";"cyclosporin"
"NOR00062";"cyclosporin 31";"cyclosporin"
"NOR00063";"cyclosporin 32";"cyclosporin"
"NOR00064";"destruxin A";"destruxin"
"NOR00065";"destruxin B";"destruxin"
"NOR00066";"destruxin A1";"destruxin"
"NOR00067";"destruxin B1";"destruxin"
"NOR00068";"destruxin A2";"destruxin"
"NOR00069";"destruxin B2";"destruxin"
"NOR00070";"destruxin A3";"destruxin"
"NOR00071";"destruxin A4";"destruxin"
"NOR00072";"destruxin A4 chlorohydrin";"destruxin"
"NOR00073";"desmethylDestruxin A";"destruxin"
"NOR00074";"desmethylDestruxin B2";"destruxin"
"NOR00075";"homoDestruxin B";"destruxin"
"NOR00076";"protoDestruxin";"destruxin"
"NOR00077";"hydroxyDestruxin B";"destruxin"
"NOR00078";"hydroxyhomoDestruxin B";"destruxin"
"NOR00079";"beta-D-Glucopyranosyl-hydroxyDestruxin B";"destruxin"
"NOR00080";"destruxin C";"destruxin"
"NOR00081";"destruxin C2";"destruxin"
"NOR00082";"desmethylDestruxin C";"destruxin"
"NOR00083";"destruxin D";"destruxin"
"NOR00084";"destruxin D1";"destruxin"
"NOR00085";"destruxin D2";"destruxin"
"NOR00086";"destruxin E";"destruxin"
"NOR00087";"destruxin E1";"destruxin"
"NOR00088";"destruxin E2";"destruxin"
"NOR00089";"destruxin E chlorohydrin";"destruxin"
"NOR00090";"destruxin E2 chlorohydrin";"destruxin"
"NOR00091";"destruxin E diol";"destruxin"
"NOR00092";"enniatin A";"enniatin"
"NOR00093";"enniatin A1";"enniatin"
"NOR00094";"enniatin B";"enniatin"
"NOR00095";"enniatin B1";"enniatin"
"NOR00096";"enniatin L";"enniatin"
"NOR00097";"enniatin N";"enniatin"
"NOR00098";"enniatin H";"enniatin"
"NOR00099";"enniatin I";"enniatin"
"NOR00100";"enniatin C";"enniatin"
"NOR00101";"MK1688";"enniatin"
"NOR00102";"enniatin B4";"enniatin"
"NOR00104";"enniatin F";"enniatin"
"NOR00105";"enniatin G";"enniatin"
"NOR00106";"microcystin LA";"microcystin"
"NOR00107";"microcystin RR";"microcystin"
"NOR00108";"microcystin YR";"microcystin"
"NOR00109";"microcystin LR";"microcystin"
"NOR00110";"microcystin LW";"microcystin"
"NOR00111";"microcystin LL";"microcystin"
"NOR00112";"microcystin AR";"microcystin"
"NOR00113";"microcystin YA";"microcystin"
"NOR00114";"[D-Asp3.Dha7]microcystin-LR";"microcystin"
"NOR00115";"[D-Asp3.Dha7]microcystin-EE(OMe)";"microcystin"
"NOR00116";"microcystin VF";"microcystin"
"NOR00117";"[D-Asp3]microcystin-LR";"microcystin"
"NOR00118";"[Dha7]microcystin-LR";"microcystin"
"NOR00119";"[Dha7]microcystin-EE(OMe)";"microcystin"
"NOR00120";"[D-Asp3.Dha7]microcystin-E(OMe)E(OMe)";"microcystin"
"NOR00121";"microcystin LF";"microcystin"
"NOR00122";"[D-Asp3.D-Glu(OCH3)6]microcystin-LR";"microcystin"
"NOR00123";"[Dha7]MCYST-E(OMe)E(OMe)";"microcystin"
"NOR00124";"[L-Ser7]microcystin-LR";"microcystin"
"NOR00125";"microcystin LY";"microcystin"
"NOR00126";"[L-Ser7]microcytin-EE(OMe)";"microcystin"
"NOR00127";"[D-Asp3.Ser7]microcystin-E(OMe)E(OMe)";"microcystin"
"NOR00128";"microcystin HilR";"microcystin"
"NOR00129";"[DMAdda5]microcystin-LR";"microcystin"
"NOR00130";"[D-Asp3.ADMAdda5]microcystin-LR";"microcystin"
"NOR00131";"[D-Glu(OCH3)6]microcystin-LR";"microcystin"
"NOR00132";"[D-Asp3.Dha7]microcystin-RR";"microcystin"
"NOR00133";"[L-MeSer7]microcytin-LR";"microcystin"
"NOR00134";"[Dha7]microcystin-FR";"microcystin"
"NOR00135";"[L-Ser7]microcystin-E(OMe)E(OMe)";"microcystin"
"NOR00136";"[ADMAdda5]microcystin-LR";"microcystin"
"NOR00137";"[D-Asp3.ADMAdda5]microcystin-LHar";"microcystin"
"NOR00138";"[D-Asp3]microcystin-RR";"microcystin"
"NOR00139";"[Dha7]microcystin-RR";"microcystin"
"NOR00140";"microcystin FR";"microcystin"
"NOR00141";"[Dha7]microcystin-YR";"microcystin"
"NOR00142";"[D-Asp3]microcystin-YR";"microcystin"
"NOR00143";"[ADMAdda5]microcystin-LHar";"microcystin"
"NOR00144";"[D-Ser1. ADMAdda5]microcystin-LR";"microcystin"
"NOR00145";"[ADMAdda5.MeSer7]microcystin-LR";"microcystin"
"NOR00146";"[L-Ser7]microcystin-RR";"microcystin"
"NOR00147";"[D-Asp3.MeSer7]microcystin-RR";"microcystin"
"NOR00148";"microcystin-WR";"microcystin"
"NOR00149";"[L-MeLan7]microcystin-LR";"microcystin"
"NOR00150";"[D-Asp3]microcystin-HtyR";"microcystin"
"NOR00151";"[Dha7]microcystin-HtyR";"microcystin"
"NOR00152";"microcystin-HtyR";"microcystin"
"NOR00153";"[L-Ser7]microcystin-HtyR";"microcystin"
"NOR00154";"[DAsp3.ADMAdda5.Dhb7]microcystin-HtyR";"microcystin"
"NOR00155";"microcystin-M(O)R";"microcystin"
"NOR00156";"microcystin-YM(O)";"microcystin"
"NOR00157";"[D-Asp3. Dha7]microcystin-HtyR";"microcystin"
"NOR00158";"[Dha7]microcystin-HphR";"microcystin"
"NOR00159";"[D-Asp3.ADMAdda5.Dhb7]microcystin-RR";"microcystin"
"NOR00160";"pseudobactin";"pyoverdin"
"NOR00161";"pyoverdin 9AW";"pyoverdin"
"NOR00162";"pyoverdin 4a";"pyoverdin"
"NOR00163";"isopyoverdin BTP1";"pyoverdin"
"NOR00164";"pyoverdin PL7";"pyoverdin"
"NOR00165";"pyoverdin BTP2";"pyoverdin"
"NOR00166";"pyoverdin G4R";"pyoverdin"
"NOR00167";"pyoverdin 2908";"pyoverdin"
"NOR00168";"pyoverdin T II";"pyoverdin"
"NOR00169";"pyoverdin PL8";"pyoverdin"
"NOR00170";"pyoverdin 11370";"pyoverdin"
"NOR00171";"isopyoverdin 90-33";"pyoverdin"
"NOR00172";"pyoverdin 90-51";"pyoverdin"
"NOR00173";"pyoverdin Pau";"pyoverdin"
"NOR00174";"pyoverdin 2392";"pyoverdin"
"NOR00175";"pseudobactin 589A";"pyoverdin"
"NOR00176";"pyoverdin 2461";"pyoverdin"
"NOR00177";"pyoverdin 3b";"pyoverdin"
"NOR00178";"pyoverdin 2798";"pyoverdin"
"NOR00179";"pyoverdin 17400";"pyoverdin"
"NOR00180";"pyoverdin 1.2";"pyoverdin"
"NOR00181";"pyoverdin 1.3";"pyoverdin"
"NOR00182";"pyoverdin 2192";"pyoverdin"
"NOR00183";"isopyoverdin 90-44";"pyoverdin"
"NOR00184";"pyoverdin 51W";"pyoverdin"
"NOR00185";"pyoverdin GM";"pyoverdin"
"NOR00186";"pyoverdin 1547";"pyoverdin"
"NOR00187";"pyoverdin G173";"pyoverdin"
"NOR00188";"pyoverdin 96-312";"pyoverdin"
"NOR00189";"pyoverdin 96.188";"pyoverdin"
"NOR00190";"pyoverdin C-E";"pyoverdin"
"NOR00191";"pyoverdin 95-275";"pyoverdin"
"NOR00192";"pyoverdin 12";"pyoverdin"
"NOR00193";"pyoverdin 13525";"pyoverdin"
"NOR00194";"pyoverdin 96-318";"pyoverdin"
"NOR00195";"pyoverdin 18-1";"pyoverdin"
"NOR00196";"azoverdin";"pyoverdin"
"NOR00197";"pyoverdin R prime";"pyoverdin"
"NOR00198";"PaB";"pyoverdin"
"NOR00199";"pyoverdin 19310";"pyoverdin"
"NOR00200";"pyoverdin R";"pyoverdin"
"NOR00201";"pseudobactin A214";"pyoverdin"
"NOR00202";"pyoverdin P19";"pyoverdin"
"NOR00203";"pyoverdin D-TR133";"pyoverdin"
"NOR00204";"pyoverdin I-III";"pyoverdin"
"NOR00205";"pyoverdin C";"pyoverdin"
"NOR00206";"pyoverdin BTP16";"pyoverdin"
"NOR00207";"azotobactin 87 -1";"azotobactin"
"NOR00208";"azotobactin D";"azotobactin"
"NOR00209";"bacilysin";"bacilysin"
"NOR00210";"chrysobactin";"chrysobactin"
"NOR00211";"surfactin aC15";"surfactin"
"NOR00212";"[Gln1]surfactin";"surfactin"
"NOR00213";"[Val7]surfactin";"surfactin"
"NOR00214";"[Ile7]surfactin";"surfactin"
"NOR00215";"[Ala4]surfactin iC14";"surfactin"
"NOR00216";"[Leu4]surfactin";"surfactin"
"NOR00217";"[Ile4]surfactin";"surfactin"
"NOR00218";"[Ile4.7]surfactin";"surfactin"
"NOR00219";"[Ile2.4.7]surfactin";"surfactin"
"NOR00220";"iturin A-2";"iturin"
"NOR00221";"iturin C-1";"iturin"
"NOR00222";"mycosubtilin 4";"iturin"
"NOR00223";"bacillomycin L-1";"iturin"
"NOR00224";"bacillomycin F-6";"iturin"
"NOR00225";"bacillomycin D-1";"iturin"
"NOR00226";"fengycin A";"fengycin"
"NOR00227";"fengycin B";"fengycin"
"NOR00228";"actinomycin D";"actinomycin"
"NOR00229";"actinomycin I";"actinomycin"
"NOR00230";"actinomycin II";"actinomycin"
"NOR00231";"actinomycin III";"actinomycin"
"NOR00232";"actinomycin V";"actinomycin"
"NOR00233";"actinomycin VI";"actinomycin"
"NOR00234";"actinomycin VII";"actinomycin"
"NOR00235";"actinomycin Z1";"actinomycin"
"NOR00236";"actinomycin Z2";"actinomycin"
"NOR00237";"actinomycin Z3";"actinomycin"
"NOR00238";"actinomycin Z4";"actinomycin"
"NOR00239";"actinomycin Z5";"actinomycin"
"NOR00240";"actinomycin pip1-alpha";"actinomycin"
"NOR00241";"actinomycin pip1-beta";"actinomycin"
"NOR00242";"actinomycin pip2";"actinomycin"
"NOR00243";"Val-gramicidin A";"gramicidin"
"NOR00244";"Val-gramicidin B";"gramicidin"
"NOR00245";"Val-gramicidin C";"gramicidin"
"NOR00246";"Ile-gramicidin A";"gramicidin"
"NOR00247";"Ile-gramicidin B";"gramicidin"
"NOR00248";"Ile-gramicidin C";"gramicidin"
"NOR00249";"gramicidin S";"gramicidin"
"NOR00250";"vibriobactin";"vibriobactin"
"NOR00251";"enterobactin";"enterobactin"
"NOR00252";"beauvericin";"beauvericin"
"NOR00253";"beauvericin A";"beauvericin"
"NOR00254";"beauvericin D";"beauvericin"
"NOR00255";"beauvericin E";"beauvericin"
"NOR00256";"beauvericin F";"beauvericin"
"NOR00257";"anabaenopeptilide 90A";"anabaenopeptilide"
"NOR00258";"anabaenopeptilide 90B";"anabaenopeptilide"
"NOR00259";"anabaenopeptilide 202A";"anabaenopeptilide"
"NOR00260";"anabaenopeptilide 202B";"anabaenopeptilide"
"NOR00261";"anabaenopeptin A";"anabaenopeptin"
"NOR00262";"anabaenopeptin B";"anabaenopeptin"
"NOR00263";"anabaenopeptin C";"anabaenopeptin"
"NOR00264";"anabaenopeptin D";"anabaenopeptin"
"NOR00265";"anabaenopeptin E";"anabaenopeptin"
"NOR00266";"anabaenopeptin F";"anabaenopeptin"
"NOR00267";"anabaenopeptin G";"anabaenopeptin"
"NOR00268";"anabaenopeptin H";"anabaenopeptin"
"NOR00269";"anabaenopeptin I";"anabaenopeptin"
"NOR00270";"anabaenopeptin J";"anabaenopeptin"
"NOR00271";"anabaenopeptin T";"anabaenopeptin"
"NOR00272";"ferintoic acid A";"ferintoic acid"
"NOR00273";"ferintoic acid B";"ferintoic acid"
"NOR00274";"nodulapeptin A";"nodulapeptin"
"NOR00275";"nodulapeptin B";"nodulapeptin"
"NOR00276";"oscillamide B";"oscillamide"
"NOR00277";"oscillamide C";"oscillamide"
"NOR00278";"oscillamide Y";"oscillamide"
"NOR00279";"nodularin R";"nodularin"
"NOR00280";"anguibactin";"anguibactin"
"NOR00281";"aureobasidin A";"aureobasidin"
"NOR00282";"aureobasidin B";"aureobasidin"
"NOR00283";"aureobasidin C";"aureobasidin"
"NOR00284";"aureobasidin D";"aureobasidin"
"NOR00285";"aureobasidin E";"aureobasidin"
"NOR00286";"aureobasidin F";"aureobasidin"
"NOR00287";"aureobasidin G";"aureobasidin"
"NOR00288";"aureobasidin R";"aureobasidin"
"NOR00289";"PF1022A";"PF1022"
"NOR00290";"PF1022B";"PF1022"
"NOR00291";"PF1022C";"PF1022"
"NOR00292";"PF1022D";"PF1022"
"NOR00293";"PF1022E";"PF1022"
"NOR00294";"coronatine";"coronatine"
"NOR00295";"norcoronatine";"coronatine"
"NOR00296";"friulimicin A";"friulimicin"
"NOR00297";"amphomycin A1437 A";"friulimicin"
"NOR00298";"tyrocidine A";"tyrocidine"
"NOR00299";"tyrocidine B";"tyrocidine"
"NOR00300";"tyrocidine C";"tyrocidine"
"NOR00301";"tyrocidine D";"tyrocidine"
"NOR00303";"brevianamide F";"brevianamide"
"NOR00304";"HC-toxin";"HC-toxin"
"NOR00305";"AM-toxin I";"AM-toxin"
"NOR00306";"AM-toxin II";"AM-toxin"
"NOR00307";"AM-toxin III";"AM-toxin"
"NOR00308";"beauverolide A";"beauverolide"
"NOR00309";"beauverolide B";"beauverolide"
"NOR00310";"beauverolide Ba";"beauverolide"
"NOR00311";"beauverolide C";"beauverolide"
"NOR00312";"beauverolide Ca";"beauverolide"
"NOR00313";"beauverolide D";"beauverolide"
"NOR00314";"beauverolide E";"beauverolide"
"NOR00315";"beauverolide Ea";"beauverolide"
"NOR00316";"beauverolide F";"beauverolide"
"NOR00317";"beauverolide Fa";"beauverolide"
"NOR00318";"beauverolide i";"beauverolide"
"NOR00319";"beauverolide H";"beauverolide"
"NOR00320";"beauverolide Ja";"beauverolide"
"NOR00321";"beauverolide Ka";"beauverolide"
"NOR00322";"beauverolide L";"beauverolide"
"NOR00323";"beauverolide La";"beauverolide"
"NOR00324";"beauverolide M";"beauverolide"
"NOR00325";"beauverolide N";"beauverolide"
"NOR00326";"beauverolide I";"beauverolide"
"NOR00327";"beauverolide II";"beauverolide"
"NOR00328";"beauverolide III";"beauverolide"
"NOR00329";"jaspamide";"jaspamide"
"NOR00330";"bacillibactin";"bacillibactin"
"NOR00331";"viscosin";"viscosin"
"NOR00332";"viscosinamide";"viscosin"
"NOR00333";"massetolide A";"viscosin"
"NOR00334";"massetolide D";"viscosin"
"NOR00335";"massetolide E";"viscosin"
"NOR00336";"massetolide F";"viscosin"
"NOR00337";"White Line Inducing Principle";"viscosin"
"NOR00338";"pseudophomin A";"viscosin"
"NOR00339";"amphisin";"amphisin"
"NOR00340";"tensin";"amphisin"
"NOR00341";"pholipeptin";"amphisin"
"NOR00342";"lokisin";"amphisin"
"NOR00343";"arthrofactin";"amphisin"
"NOR00344";"tolaasin I";"tolaasin"
"NOR00345";"tolaasin II";"tolaasin"
"NOR00346";"tolaasin B";"tolaasin"
"NOR00347";"tolaasin D";"tolaasin"
"NOR00348";"tolaasin E";"tolaasin"
"NOR00349";"fuscopeptin A";"tolaasin"
"NOR00350";"corpeptin A";"tolaasin"
"NOR00351";"syringopeptin 22A";"syringopeptin"
"NOR00352";"syringopeptin 25A";"syringopeptin"
"NOR00353";"syringopeptin SC 1";"syringopeptin"
"NOR00354";"syringopeptin 22 PhvA";"syringopeptin"
"NOR00355";"[Phe25]syringopeptin 25A";"syringopeptin"
"NOR00356";"syringomycin E";"syringomycin"
"NOR00357";"syringostatin A";"syringomycin"
"NOR00358";"syringotoxin B";"syringomycin"
"NOR00359";"pseudomycin A";"syringomycin"
"NOR00360";"cormycin A";"syringomycin"
"NOR00361";"putisolvin I";"putisolvin"
"NOR00362";"putisolvin II";"putisolvin"
"NOR00364";"lichenysin A iC12";"surfactin"
"NOR00369";"dolastatin 10";"dolastatin"
"NOR00370";"dolastatin 15";"dolastatin"
"NOR00371";"dolastatin 11";"dolastatin"
"NOR00372";"dolastatin 12";"dolastatin"
"NOR00373";"dehydrodidemnin B";"didemnin"
"NOR00374";"didemnin B";"didemnin"
"NOR00375";"didemnin A";"didemnin"
"NOR00376";"didemnin C";"didemnin"
"NOR00377";"nordidemnin B";"didemnin"
"NOR00378";"nordidemnin A";"didemnin"
"NOR00379";"nordidemnin C";"didemnin"
"NOR00380";"didemnin M";"didemnin"
"NOR00381";"didemnin N";"didemnin"
"NOR00382";"didemnin X";"didemnin"
"NOR00383";"didemnin Y";"didemnin"
"NOR00384";"nordidemnin N";"didemnin"
"NOR00385";"acyclodidemnin A";"didemnin"
"NOR00386";"[Hysp2]didemnin B";"didemnin"
"NOR00387";"[Hap2]didemnin B";"didemnin"
"NOR00388";"tamandarin A";"didemnin"
"NOR00389";"tamandarin B";"didemnin"
"NOR00390";"kahalalide F";"kahalalide"
"NOR00391";"kahalalide A";"kahalalide"
"NOR00392";"kahalalide B";"kahalalide"
"NOR00393";"kahalalide C";"kahalalide"
"NOR00394";"kahalalide D";"kahalalide"
"NOR00395";"kahalalide E";"kahalalide"
"NOR00396";"kahalalide G";"kahalalide"
"NOR00397";"kahalalide H";"kahalalide"
"NOR00398";"kahalalide J";"kahalalide"
"NOR00399";"kahalalide K";"kahalalide"
"NOR00400";"marinobactin A";"marinobactin"
"NOR00401";"aquachelin A";"aquachelin"
"NOR00402";"amphibactin B";"amphibactin"
"NOR00403";"ornibactin C4";"ornibactin"
"NOR00404";"serrawettin W2";"serrawettin"
"NOR00405";"serrawettin W1";"serrawettin"
"NOR00406";"petrosifungin A";"petrosifungin"
"NOR00407";"petrosifungin B";"petrosifungin"
"NOR00408";"micromide";"micromide"
"NOR00409";"apramide A";"apramide"
"NOR00410";"apramide D";"apramide"
"NOR00411";"apramide G";"apramide"
"NOR00412";"oscillarin";"aeruginosin"
"NOR00413";"callynormine A";"callynormine"
"NOR00414";"corrugatin";"corrugatin"
"NOR00415";"cyclonellin";"cyclonellin"
"NOR00416";"neamphamide A";"callipeltin"
"NOR00417";"callipeltin A";"callipeltin"
"NOR00418";"callipeltin B";"callipeltin"
"NOR00419";"callipeltin C";"callipeltin"
"NOR00420";"callipeltin D";"callipeltin"
"NOR00421";"callipeltin E";"callipeltin"
"NOR00422";"papuamide A";"papuamide"
"NOR00423";"papuamide B";"papuamide"
"NOR00424";"papuamide C";"papuamide"
"NOR00425";"papuamide D";"papuamide"
"NOR00426";"gymnangiamide";"gymnangiamide"
"NOR00427";"aurilide";"aurilide"
"NOR00428";"aurilide B";"aurilide"
"NOR00429";"aurilide C";"aurilide"
"NOR00430";"onchidin";"onchidin"
"NOR00431";"onchidin B";"onchidin"
"NOR00432";"carmabin A";"carmabin"
"NOR00433";"carmabin B";"carmabin"
"NOR00434";"guineamide A";"guineamide"
"NOR00435";"guineamide B";"guineamide"
"NOR00436";"guineamide C";"guineamide"
"NOR00437";"guineamide D";"guineamide"
"NOR00438";"guineamide E";"guineamide"
"NOR00439";"guineamide F";"guineamide"
"NOR00440";"obyanamide";"obyanamide"
"NOR00441";"nagahamide A";"nagahamide"
"NOR00442";"phoriospongin A";"phoriospongin"
"NOR00443";"phoriospongin B";"phoriospongin"
"NOR00444";"cyclolithistide A";"cyclolithistide"
"NOR00445";"microspinosamide";"microspinosamide"
"NOR00446";"polydiscamide A";"polydiscamide"
"NOR00447";"discodermin A";"discodermin"
"NOR00448";"discodermin E";"discodermin"
"NOR00449";"discodermin F";"discodermin"
"NOR00450";"discodermin G";"discodermin"
"NOR00451";"discodermin H";"discodermin"
"NOR00452";"halipeptin A";"halipeptin"
"NOR00453";"halipeptin B";"halipeptin"
"NOR00454";"halipeptin C";"halipeptin"
"NOR00455";"halipeptin D";"halipeptin"
"NOR00456";"hemiasterlin";"hemiasterlin"
"NOR00457";"hemiasterlin A";"hemiasterlin"
"NOR00458";"hemiasterlin B";"hemiasterlin"
"NOR00459";"hemiasterlin C";"hemiasterlin"
"NOR00460";"criamide A";"hemiasterlin"
"NOR00461";"criamide B";"hemiasterlin"
"NOR00462";"eurypamide A";"eurypamide"
"NOR00463";"eurypamide B";"eurypamide"
"NOR00464";"eurypamide C";"eurypamide"
"NOR00465";"eurypamide D";"eurypamide"
"NOR00466";"renieramide";"eurypamide"
"NOR00467";"pseudotheonamide A1";"pseudotheonamide"
"NOR00468";"pseudotheonamide C";"pseudotheonamide"
"NOR00469";"pseudotheonamide D";"pseudotheonamide"
"NOR00470";"dihydrocyclotheonamide A";"cyclotheonamide"
"NOR00471";"cyclotheonamide A";"cyclotheonamide"
"NOR00472";"cyclotheonamide B";"cyclotheonamide"
"NOR00473";"cyclotheonamide C";"cyclotheonamide"
"NOR00474";"cyclotheonamide D";"cyclotheonamide"
"NOR00475";"cyclotheonamide E";"cyclotheonamide"
"NOR00476";"cyclotheonamide E2";"cyclotheonamide"
"NOR00477";"cyclotheonamide E3";"cyclotheonamide"
"NOR00478";"cyclotheonamide E4";"cyclotheonamide"
"NOR00479";"cyclotheonamide E5";"cyclotheonamide"
"NOR00480";"kapakahine A";"kapakahine"
"NOR00481";"kapakahine B";"kapakahine"
"NOR00482";"kapakahine E";"kapakahine"
"NOR00483";"kapakahine F";"kapakahine"
"NOR00484";"kapakahine G";"kapakahine"
"NOR00485";"andrimid";"andrimid"
"NOR00486";"tokaramide A";"tokaramide"
"NOR00487";"leupeptin";"leupeptin"
"NOR00488";"miraziridine A";"miraziridine"
"NOR00489";"nazumamide A";"nazumamide"
"NOR00490";"koshikamide A1";"koshikamide"
"NOR00491";"koshikamide A2";"koshikamide"
"NOR00492";"halicylindramide A";"halicylindramide"
"NOR00493";"halicylindramide B";"halicylindramide"
"NOR00494";"halicylindramide C";"halicylindramide"
"NOR00495";"halicylindramide D";"halicylindramide"
"NOR00496";"halicylindramide E";"halicylindramide"
"NOR00497";"theonellapeptolide Ia";"theonellapeptolide"
"NOR00498";"theonellapeptolide Id";"theonellapeptolide"
"NOR00499";"theonellapeptolide Ie";"theonellapeptolide"
"NOR00500";"theonellapeptolide IId";"theonellapeptolide"
"NOR00501";"theonellapeptolide IIe";"theonellapeptolide"
"NOR00502";"theonellapeptolide IIIe";"theonellapeptolide"
"NOR00503";"dysamide A";"dysamide"
"NOR00504";"dysamide B";"dysamide"
"NOR00505";"dysamide C";"dysamide"
"NOR00506";"dyhydrodysamide C";"dysamide"
"NOR00507";"dysamide D";"dysamide"
"NOR00508";"dysamide K";"dysamide"
"NOR00509";"dysamide M";"dysamide"
"NOR00510";"dysamide N";"dysamide"
"NOR00511";"dysamide O";"dysamide"
"NOR00512";"dysamide P";"dysamide"
"NOR00513";"dysamide Q";"dysamide"
"NOR00514";"pallidin";"pallidin"
"NOR00515";"axinastatin 1";"axinastatin"
"NOR00516";"axinastatin 2";"axinastatin"
"NOR00517";"axinastatin 3";"axinastatin"
"NOR00518";"axinastatin 4";"axinastatin"
"NOR00519";"axinastatin 5";"axinastatin"
"NOR00520";"axinellin A";"axinellin"
"NOR00521";"axinellin B";"axinellin"
"NOR00522";"axinellin C";"axinellin"
"NOR00523";"phakellistatin 1";"phakellistatin"
"NOR00524";"phakellistatin 2";"phakellistatin"
"NOR00525";"phakellistatin 3";"phakellistatin"
"NOR00526";"phakellistatin 4";"phakellistatin"
"NOR00527";"phakellistatin 5";"phakellistatin"
"NOR00528";"phakellistatin 6";"phakellistatin"
"NOR00529";"phakellistatin 7";"phakellistatin"
"NOR00530";"phakellistatin 8";"phakellistatin"
"NOR00531";"phakellistatin 9";"phakellistatin"
"NOR00532";"phakellistatin 10";"phakellistatin"
"NOR00533";"phakellistatin 11";"phakellistatin"
"NOR00534";"phakellistatin 12";"phakellistatin"
"NOR00535";"phakellistatin 13";"phakellistatin"
"NOR00536";"phakellistatin 14";"phakellistatin"
"NOR00537";"hymenamide A";"hymenamide"
"NOR00538";"hymenamide B";"hymenamide"
"NOR00539";"hymenamide C";"hymenamide"
"NOR00540";"hymenamide D";"hymenamide"
"NOR00541";"hymenamide E";"hymenamide"
"NOR00542";"hymenamide F";"hymenamide"
"NOR00543";"hymenamide G";"hymenamide"
"NOR00544";"hymenamide H";"hymenamide"
"NOR00545";"hymenamide J";"hymenamide"
"NOR00546";"hymenamide K";"hymenamide"
"NOR00547";"hymenistatin I";"hymenistatin"
"NOR00548";"stylopeptide I";"stylopeptide"
"NOR00549";"stylostatin 1";"stylostatin"
"NOR00550";"wainunuamide";"wainunuamide"
"NOR00551";"microsclerodermin A";"microsclerodermin"
"NOR00552";"microsclerodermin B";"microsclerodermin"
"NOR00553";"microsclerodermin C";"microsclerodermin"
"NOR00554";"microsclerodermin D";"microsclerodermin"
"NOR00555";"microsclerodermin E";"microsclerodermin"
"NOR00556";"microsclerodermin F";"microsclerodermin"
"NOR00557";"microsclerodermin G";"microsclerodermin"
"NOR00558";"microsclerodermin H";"microsclerodermin"
"NOR00559";"microsclerodermin I";"microsclerodermin"
"NOR00560";"cyclolinopeptide A";"cyclolinopeptide"
"NOR00561";"barangamide A";"barangamide"
"NOR00562";"barangamide B";"barangamide"
"NOR00563";"barangamide C";"barangamide"
"NOR00564";"barangamide D";"barangamide"
"NOR00565";"theonellamide A";"theonellamide"
"NOR00566";"theonellamide B";"theonellamide"
"NOR00567";"theonellamide C";"theonellamide"
"NOR00568";"theonellamide D";"theonellamide"
"NOR00569";"theonellamide E";"theonellamide"
"NOR00570";"theonellamide F";"theonellamide"
"NOR00571";"theonegramide";"theonegramide"
"NOR00572";"theopalauamide";"theopalauamide"
"NOR00573";"perthamide B";"perthamide"
"NOR00574";"cupolamide A";"cupolamide"
"NOR00575";"waiakeamide";"waiakeamide"
"NOR00576";"haligramide A";"haligramide"
"NOR00577";"haligramide B";"haligramide"
"NOR00578";"ceratospongamide";"ceratospongamide"
"NOR00579";"konbamide";"konbamide"
"NOR00580";"mozamide A";"mozamide"
"NOR00581";"mozamide B";"mozamide"
"NOR00582";"keramamide A";"keramamide"
"NOR00583";"keramamide L";"keramamide"
"NOR00584";"keramamide K";"keramamide"
"NOR00585";"keramamide F";"keramamide"
"NOR00586";"keramamide G";"keramamide"
"NOR00587";"keramamide H";"keramamide"
"NOR00588";"keramamide J";"keramamide"
"NOR00589";"keramamide E";"keramamide"
"NOR00590";"keramamide B";"keramamide"
"NOR00591";"keramamide C";"keramamide"
"NOR00592";"keramamide D";"keramamide"
"NOR00593";"keramamide M";"keramamide"
"NOR00594";"keramamide N";"keramamide"
"NOR00595";"orbiculamide A";"orbiculamide"
"NOR00596";"discobahamin A";"discobahamin"
"NOR00597";"discobahamin B";"discobahamin"
"NOR00598";"oriamide";"oriamide"
"NOR00599";"cyclocinamide A";"cyclocinamide"
"NOR00600";"aciculitin A";"aciculitin"
"NOR00601";"geodiamolide H";"geodiamolide"
"NOR00602";"geodiamolide I";"geodiamolide"
"NOR00603";"geodiamolide A";"geodiamolide"
"NOR00604";"geodiamolide B";"geodiamolide"
"NOR00605";"geodiamolide C";"geodiamolide"
"NOR00606";"geodiamolide D";"geodiamolide"
"NOR00607";"geodiamolide E";"geodiamolide"
"NOR00608";"geodiamolide F";"geodiamolide"
"NOR00609";"geodiamolide L";"geodiamolide"
"NOR00610";"geodiamolide M";"geodiamolide"
"NOR00611";"geodiamolide N";"geodiamolide"
"NOR00612";"geodiamolide O";"geodiamolide"
"NOR00613";"geodiamolide P";"geodiamolide"
"NOR00614";"geodiamolide Q";"geodiamolide"
"NOR00615";"geodiamolide R";"geodiamolide"
"NOR00616";"geodiamolide TA";"geodiamolide"
"NOR00617";"neosiphoniamolide A";"neosiphoniamolide"
"NOR00618";"geodiamolide G";"geodiamolide"
"NOR00619";"geodiamolide J";"geodiamolide"
"NOR00620";"geodiamolide K";"geodiamolide"
"NOR00621";"majusculamide C";"majusculamide"
"NOR00622";"foroxymithine";"foroxymithine"
"NOR00623";"chlamydocin";"chlamydocin"
"NOR00624";"tentoxin";"tentoxin"
"NOR00625";"bottromycin A2";"bottromycin"
"NOR00626";"cyclochlorotine";"cyclochlorotine"
"NOR00627";"malformin A1";"malformin"
"NOR00628";"malformin A2";"malformin"
"NOR00629";"malformin B1";"malformin"
"NOR00630";"malformin C";"malformin"
"NOR00631";"malformin B2";"malformin"
"NOR00632";"allomalformin";"malformin"
"NOR00633";"viomycin";"tuberactinomycin"
"NOR00634";"tuberactinomycin A";"tuberactinomycin"
"NOR00635";"tuberactinomycin N";"tuberactinomycin"
"NOR00636";"tuberactinomycin O";"tuberactinomycin"
"NOR00637";"tuberactinamine";"tuberactinomycin"
"NOR00638";"capreomycin IA";"capreomycin"
"NOR00639";"capreomycin IB";"capreomycin"
"NOR00640";"capreomycin IIA";"capreomycin"
"NOR00641";"capreomycin IIB";"capreomycin"
"NOR00642";"kulolide 1";"kulolide"
"NOR00643";"kulokainalide";"kulokainalide"
"NOR00644";"pupukeamide";"pupukeamide"
"NOR00645";"kulomo opunalide 1";"kulomo opunalide"
"NOR00646";"globomycin";"globomycin"
"NOR00647";"SF-1902 A3";"globomycin"
"NOR00648";"isariin";"isariin"
"NOR00649";"isaridin B";"isaridin"
"NOR00650";"isaridin A";"isaridin"
"NOR00651";"empedopeptin";"empedopeptin"
"NOR00652";"tripropeptin A";"tripropeptin"
"NOR00653";"plusbacin A1";"plusbacin"
"NOR00654";"plusbacin B1";"plusbacin"
"NOR00655";"lysobactin";"lysobactin"
"NOR00656";"cereulide";"cereulide"
"NOR00657";"gratisin";"gratisin"
"NOR00658";"valinomycin";"valinomycin"
"NOR00659";"montanastatin";"montanastatin"
"NOR00660";"mycobacillin";"mycobacillin"
"NOR00661";"enduracidin A";"enduracidin"
"NOR00662";"ramoplanin A1";"ramoplanin"
"NOR00663";"nocardicin A";"nocardicin"
"NOR00664";"antipain";"antipain"
"NOR00665";"edeine A";"edeine"
"NOR00666";"edeine B";"edeine"
"NOR00667";"edeine D";"edeine"
"NOR00668";"edeine F";"edeine"
"NOR00670";"phosphinothricin tripeptide";"phosphinothricin tripeptide"
"NOR00672";"viridogrisein";"neoviridogrisein"
"NOR00673";"neoviridogrisein I";"neoviridogrisein"
"NOR00674";"neoviridogrisein II";"neoviridogrisein"
"NOR00675";"neoviridogrisein III";"neoviridogrisein"
"NOR00676";"pristinamycin IA";"pristinamycin I"
"NOR00677";"pristinamycin IB";"pristinamycin I"
"NOR00678";"pristinamycin IC";"pristinamycin I"
"NOR00679";"virginiamycin S";"virginiamycin"
"NOR00680";"BT1583";"BT antibiotic"
"NOR00681";"vancomycin";"vancomycin"
"NOR00682";"A42867";"A42867"
"NOR00683";"A51568";"A51568"
"NOR00684";"A83850";"A83850"
"NOR00685";"balhimycin";"balhimycin"
"NOR00686";"balhimycin V";"balhimycin"
"NOR00687";"chloroorienticin A";"orienticin"
"NOR00688";"chloroorienticin B";"orienticin"
"NOR00689";"chloroorienticin C";"orienticin"
"NOR00690";"chloroorienticin D";"orienticin"
"NOR00691";"chloroorienticin E";"orienticin"
"NOR00692";"decaplanin";"decaplanin"
"NOR00693";"eremomycin";"eremomycin"
"NOR00694";"M43A";"M43"
"NOR00695";"M43B";"M43"
"NOR00696";"M43C";"M43"
"NOR00697";"M43D";"M43"
"NOR00698";"M43F";"M43"
"NOR00699";"MM47761";"MM"
"NOR00700";"MM49721";"MM"
"NOR00701";"OA7653";"OA7653"
"NOR00702";"orienticin A";"orienticin"
"NOR00703";"orienticin B";"orienticin"
"NOR00704";"orienticin C";"orienticin"
"NOR00705";"orienticin D";"orienticin"
"NOR00706";"dechloro-balhimycin V";"balhimycin"
"NOR00707";"deglucobalhimycin";"balhimycin"
"NOR00708";"demethylbalhimycin";"balhimycin"
"NOR00709";"methylbalhimycin";"balhimycin"
"NOR00710";"rhamnosyl-balhimycin";"balhimycin"
"NOR00711";"ureido-balhimycin";"balhimycin"
"NOR00712";"beauvericin B";"beauvericin"
"NOR00713";"beauvericin C";"beauvericin"
"NOR00714";"A54145 A1";"A54145"
"NOR00715";"A54145 D";"A54145"
"NOR00716";"A54145 B1";"A54145"
"NOR00717";"A54145 E";"A54145"
"NOR00718";"aciculitin B";"aciculitin"
"NOR00719";"aciculitin C";"aciculitin"
"NOR00720";"amphibactin C";"amphibactin"
"NOR00721";"amphibactin D";"amphibactin"
"NOR00722";"amphibactin E";"amphibactin"
"NOR00723";"amphibactin F";"amphibactin"
"NOR00724";"amphibactin G";"amphibactin"
"NOR00725";"amphibactin H";"amphibactin"
"NOR00726";"amphibactin I";"amphibactin"
"NOR00727";"moiramide B";"andrimid"
"NOR00728";"apramide B";"apramide"
"NOR00729";"apramide C";"apramide"
"NOR00730";"apramide E";"apramide"
"NOR00731";"apramide F";"apramide"
"NOR00732";"aquachelin B";"aquachelin"
"NOR00733";"aquachelin C";"aquachelin"
"NOR00734";"aquachelin D";"aquachelin"
"NOR00735";"beauverolide IV";"beauverolide"
"NOR00736";"beauverolide V";"beauverolide"
"NOR00737";"beauverolide VI";"beauverolide"
"NOR00738";"beauverolide VII";"beauverolide"
"NOR00739";"beauverolide VIII";"beauverolide"
"NOR00740";"callipeltin F";"callipeltin"
"NOR00741";"callipeltin G";"callipeltin"
"NOR00742";"callipeltin H";"callipeltin"
"NOR00743";"callipeltin I";"callipeltin"
"NOR00744";"callipeltin J";"callipeltin"
"NOR00745";"callipeltin K";"callipeltin"
"NOR00746";"callipeltin L";"callipeltin"
"NOR00747";"callipeltin M";"callipeltin"
"NOR00748";"N-coronafacoyl-L-valine";"coronatine"
"NOR00749";"N-coronafacoyl-L-isoleucine";"coronatine"
"NOR00750";"N-coronafacoyl-L-alloisoleucine";"coronatine"
"NOR00751";"N-coronafacoyl-L-serine";"coronatine"
"NOR00752";"N-coronafacoyl-L-threonine";"coronatine"
"NOR00753";"hydroxycyclochlorotine";"cyclochlorotine"
"NOR00754";"astin B";"cyclochlorotine"
"NOR00755";"cyclocinamide B";"cyclocinamide"
"NOR00756";"corticiamide A";"corticiamide"
"NOR00757";"A21978C1";"daptomycin"
"NOR00758";"A21978C2";"daptomycin"
"NOR00759";"A21978C3";"daptomycin"
"NOR00760";"desmethylDestruxin B";"destruxin"
"NOR00761";"destruxin F";"destruxin"
"NOR00762";"enduracidin B";"enduracidin"
"NOR00763";"amphomycin A1437 B";"friulimicin"
"NOR00764";"amphomycin A1437 E";"friulimicin"
"NOR00765";"amphomycin A1437 D";"friulimicin"
"NOR00766";"friulimicin B";"friulimicin"
"NOR00767";"friulimicin C";"friulimicin"
"NOR00768";"friulimicin D";"friulimicin"
"NOR00769";"SF-1902 A2";"globomycin"
"NOR00770";"SF-1902 A4a";"globomycin"
"NOR00771";"SF-1902 A4b";"globomycin"
"NOR00772";"SF-1902 A5";"globomycin"
"NOR00773";"isariin B";"isariin"
"NOR00774";"isariin C";"isariin"
"NOR00775";"isariin D";"isariin"
"NOR00776";"bacillomycin D-2";"iturin"
"NOR00777";"bacillomycin D-3";"iturin"
"NOR00778";"bacillomycin D-4";"iturin"
"NOR00779";"bacillomycin D-5";"iturin"
"NOR00780";"bacillomycin L-2";"iturin"
"NOR00781";"bacillomycin L-3";"iturin"
"NOR00782";"bacillomycin L-4";"iturin"
"NOR00783";"bacillomycin L-5";"iturin"
"NOR00784";"bacillomycin F-1";"iturin"
"NOR00785";"bacillomycin F-2";"iturin"
"NOR00786";"bacillomycin F-3";"iturin"
"NOR00787";"bacillomycin F-4";"iturin"
"NOR00788";"bacillomycin F-5";"iturin"
"NOR00789";"iturin A-1";"iturin"
"NOR00790";"iturin A-3";"iturin"
"NOR00791";"iturin A-4";"iturin"
"NOR00792";"iturin A-5";"iturin"
"NOR00793";"iturin A-6";"iturin"
"NOR00794";"iturin A-7";"iturin"
"NOR00795";"iturin A-8";"iturin"
"NOR00796";"iturin C-2";"iturin"
"NOR00797";"iturin C-3";"iturin"
"NOR00798";"iturin C-4";"iturin"
"NOR00799";"mycosubtilin 1";"iturin"
"NOR00800";"mycosubtilin 2";"iturin"
"NOR00801";"mycosubtilin 3";"iturin"
"NOR00802";"kahalalide R";"kahalalide"
"NOR00803";"kahalalide S";"kahalalide"
"NOR00804";"kahalalide V";"kahalalide"
"NOR00805";"kahalalide W";"kahalalide"
"NOR00806";"kahalalide X";"kahalalide"
"NOR00807";"kahalalide Y";"kahalalide"
"NOR00808";"kulolide 2";"kulolide"
"NOR00809";"kulolide 3";"kulolide"
"NOR00810";"kulomo opunalide 2";"kulomo opunalide"
"NOR00811";"marinobactin B";"marinobactin"
"NOR00812";"marinobactin C";"marinobactin"
"NOR00813";"marinobactin D1";"marinobactin"
"NOR00814";"marinobactin D2";"marinobactin"
"NOR00815";"marinobactin E";"marinobactin"
"NOR00816";"microcystin LAib";"microcystin"
"NOR00817";"[D-Asp3.ADMAdda5.Dhb7]microcystin-LR";"microcystin"
"NOR00818";"nocardicin B";"nocardicin"
"NOR00819";"nocardicin C";"nocardicin"
"NOR00820";"nocardicin D";"nocardicin"
"NOR00821";"nocardicin E";"nocardicin"
"NOR00822";"nocardicin F";"nocardicin"
"NOR00823";"nocardicin G";"nocardicin"
"NOR00824";"nodularin-Har";"nodularin"
"NOR00825";"motuporin";"nodularin"
"NOR00826";"linear nodularin";"nodularin"
"NOR00827";"[D-Asp1]nodularin";"nodularin"
"NOR00828";"[DMAdda3]nodularin";"nodularin"
"NOR00829";"[Dhb5]nodularin";"nodularin"
"NOR00830";"[MeO-Glu4]nodularin";"nodularin"
"NOR00832";"ornibactin C6";"ornibactin"
"NOR00833";"ornibactin C8";"ornibactin"
"NOR00834";"plusbacin A2";"plusbacin"
"NOR00835";"plusbacin A3";"plusbacin"
"NOR00836";"plusbacin A4";"plusbacin"
"NOR00837";"plusbacin B2";"plusbacin"
"NOR00838";"plusbacin B3";"plusbacin"
"NOR00839";"plusbacin B4";"plusbacin"
"NOR00840";"polydiscamide B";"polydiscamide"
"NOR00841";"polydiscamide C";"polydiscamide"
"NOR00842";"polydiscamide D";"polydiscamide"
"NOR00843";"pseudotheonamide B2";"pseudotheonamide"
"NOR00844";"ramoplanin A2";"ramoplanin"
"NOR00845";"ramoplanin A3";"ramoplanin"
"NOR00846";"stylopeptide II";"stylopeptide"
"NOR00847";"[Ala4]surfactin nC14";"surfactin"
"NOR00848";"[Ala4]surfactin iC15";"surfactin"
"NOR00849";"[Ala4]surfactin aC15";"surfactin"
"NOR00850";"[Ala4]surfactin nC15";"surfactin"
"NOR00851";"[Gln1]surfactin iC15";"surfactin"
"NOR00852";"[Gln1]surfactin aC15";"surfactin"
"NOR00853";"surfactin nC14";"surfactin"
"NOR00854";"surfactin iC14";"surfactin"
"NOR00855";"surfactin nC15";"surfactin"
"NOR00856";"surfactin iC15";"surfactin"
"NOR00857";"surfactin aC13";"surfactin"
"NOR00858";"surfactin nC13";"surfactin"
"NOR00859";"surfactin iC16";"surfactin"
"NOR00860";"surfactin iC12";"surfactin"
"NOR00861";"pseudomycin B";"syringomycin"
"NOR00862";"pseudomycin C";"syringomycin"
"NOR00863";"pseudomycin C2";"syringomycin"
"NOR00864";"syringomycin A1";"syringomycin"
"NOR00865";"syringomycin G";"syringomycin"
"NOR00866";"syringostatin B";"syringomycin"
"NOR00867";"corpeptin B";"tolaasin"
"NOR00868";"fuscopeptin B";"tolaasin"
"NOR00869";"syringopeptin 22B";"syringopeptin"
"NOR00870";"syringopeptin 22 PhvB";"syringopeptin"
"NOR00871";"syringopeptin SC 2";"syringopeptin"
"NOR00872";"syringopeptin 25B";"syringopeptin"
"NOR00873";"syringopeptin 508A";"syringopeptin"
"NOR00874";"syringopeptin 508B";"syringopeptin"
"NOR00875";"tolaasin A";"tolaasin"
"NOR00876";"tolaasin C";"tolaasin"
"NOR00877";"tripropeptin B";"tripropeptin"
"NOR00878";"tripropeptin C";"tripropeptin"
"NOR00879";"tripropeptin D";"tripropeptin"
"NOR00880";"tripropeptin E";"tripropeptin"
"NOR00881";"tripropeptin Z";"tripropeptin"
"NOR00882";"massetolide B";"viscosin"
"NOR00883";"massetolide C";"viscosin"
"NOR00884";"massetolide G";"viscosin"
"NOR00885";"massetolide H";"viscosin"
"NOR00886";"pseudophomin B";"viscosin"
"NOR00887";"massetolide L";"viscosin"
"NOR00888";"lichenysin A nC12";"surfactin"
"NOR00889";"lichenysin A iC13";"surfactin"
"NOR00890";"lichenysin A aC13";"surfactin"
"NOR00891";"lichenysin A nC13";"surfactin"
"NOR00892";"lichenysin A iC14";"surfactin"
"NOR00893";"lichenysin A nC14";"surfactin"
"NOR00894";"lichenysin A iC15";"surfactin"
"NOR00895";"lichenysin A aC15";"surfactin"
"NOR00896";"lichenysin A nC15";"surfactin"
"NOR00897";"lichenysin A iC16";"surfactin"
"NOR00898";"lichenysin A nC16";"surfactin"
"NOR00899";"lichenysin A iC17";"surfactin"
"NOR00900";"lichenysin A aC17";"surfactin"
"NOR00901";"azotobactin 87 -2";"azotobactin"
"NOR00902";"azotobactin delta";"azotobactin"
"NOR00903";"pseudobactin A";"pyoverdin"
"NOR00904";"pyoverdin 1.2 dihydro";"pyoverdin"
"NOR00905";"pyoverdin CHAO";"pyoverdin"
"NOR00906";"pseudobactin 36167-I";"pyoverdin"
"NOR00907";"pseudobactin 36167-II";"pyoverdin"
"NOR00908";"pseudobactin A225-I";"pyoverdin"
"NOR00909";"pseudobactin A225-II";"pyoverdin"
"NOR00910";"pyoverdin Thai";"pyoverdin"
"NOR00911";"pyoverdin 6-10";"pyoverdin"
"NOR00912";"pyoverdin D47";"pyoverdin"
"NOR00913";"bacitracin E";"bacitracin"
"NOR00914";"bacitracin D1";"bacitracin"
"NOR00915";"bacitracin D2";"bacitracin"
"NOR00916";"bacitracin B1";"bacitracin"
"NOR00917";"bacitracin I1";"bacitracin"
"NOR00918";"bacitracin I2";"bacitracin"
"NOR00919";"bacitracin H1";"bacitracin"
"NOR00920";"bacitracin I3";"bacitracin"
"NOR00921";"bacitracin H2";"bacitracin"
"NOR00922";"bacitracin H3";"bacitracin"
"NOR00923";"bacitracin F";"bacitracin"
"NOR00924";"putisolvin III";"putisolvin"
"NOR00925";"actinoidin A";"actinoidin"
"NOR00926";"actinoidin A2";"actinoidin"
"NOR00927";"actinoidin B";"actinoidin"
"NOR00928";"avoparcin-alpha";"avoparcin"
"NOR00929";"avoparcin-beta";"avoparcin"
"NOR00930";"avoparcin-epsilon";"avoparcin"
"NOR00931";"chloropolysporin C";"chloropolysporin"
"NOR00932";"chloropolysporin B";"chloropolysporin"
"NOR00933";"galacardin A";"galacardin"
"NOR00934";"galacardin B";"galacardin"
"NOR00935";"helvecardin A";"helvecardin"
"NOR00936";"helvecardin B";"helvecardin"
"NOR00937";"ampullosporin A";"ampullosporin"
"NOR00938";"ampullosporin B";"ampullosporin"
"NOR00939";"ampullosporin C";"ampullosporin"
"NOR00940";"ampullosporin D";"ampullosporin"
"NOR00941";"ampullosporin E1";"ampullosporin"
"NOR00942";"ampullosporin E2";"ampullosporin"
"NOR00943";"ampullosporin E3";"ampullosporin"
"NOR00944";"ampullosporin E4";"ampullosporin"
"NOR00945";"antiamoebin I";"antiamoebin"
"NOR00946";"antiamoebin II";"antiamoebin"
"NOR00947";"antiamoebin III";"antiamoebin"
"NOR00948";"antiamoebin IV";"antiamoebin"
"NOR00949";"antiamoebin V";"antiamoebin"
"NOR00950";"antiamoebin VI";"antiamoebin"
"NOR00951";"antiamoebin VII";"antiamoebin"
"NOR00952";"antiamoebin VIII";"antiamoebin"
"NOR00953";"antiamoebin IX";"antiamoebin"
"NOR00954";"antiamoebin X";"antiamoebin"
"NOR00955";"antiamoebin XI";"antiamoebin"
"NOR00956";"antiamoebin XII";"antiamoebin"
"NOR00957";"antiamoebin XIII";"antiamoebin"
"NOR00958";"antiamoebin XIV";"antiamoebin"
"NOR00959";"antiamoebin XV";"antiamoebin"
"NOR00960";"antiamoebin XVI";"antiamoebin"
"NOR00961";"atroviridin A";"atroviridin"
"NOR00962";"atroviridin B";"atroviridin"
"NOR00963";"atroviridin C";"atroviridin"
"NOR00964";"bergofungin A";"bergofungin"
"NOR00965";"bergofungin B";"bergofungin"
"NOR00966";"bergofungin C";"bergofungin"
"NOR00967";"bergofungin D";"bergofungin"
"NOR00968";"boletusin";"boletusin"
"NOR00969";"cephaibol A";"cephaibol"
"NOR00970";"cephaibol A2";"cephaibol"
"NOR00971";"cephaibol B";"cephaibol"
"NOR00972";"cephaibol C";"cephaibol"
"NOR00973";"cephaibol D";"cephaibol"
"NOR00974";"cephaibol E";"cephaibol"
"NOR00975";"cephaibol P";"cephaibol"
"NOR00976";"cephaibol Q";"cephaibol"
"NOR00977";"cervinin 1";"cervinin"
"NOR00978";"cervinin 2";"cervinin"
"NOR00979";"chrysospermin A";"chrysospermin"
"NOR00980";"chrysospermin B";"chrysospermin"
"NOR00981";"chrysospermin C";"chrysospermin"
"NOR00982";"chrysospermin D";"chrysospermin"
"NOR00983";"emerimicin IIA";"emerimicin"
"NOR00984";"emerimicin IIB";"emerimicin"
"NOR00985";"emerimicin III";"emerimicin"
"NOR00986";"emerimicin IV";"emerimicin"
"NOR00987";"harzianin HB I";"harzianin"
"NOR00988";"harzianin HC I";"harzianin"
"NOR00989";"harzianin HC III";"harzianin"
"NOR00990";"harzianin HC VI";"harzianin"
"NOR00991";"harzianin HC VIII";"harzianin"
"NOR00992";"harzianin HC IX";"harzianin"
"NOR00993";"harzianin HC X";"harzianin"
"NOR00994";"harzianin HC XII";"harzianin"
"NOR00995";"harzianin HC XV";"harzianin"
"NOR00996";"harzianin HC XI";"harzianin"
"NOR00997";"harzianin HC XIII";"harzianin"
"NOR00998";"harzianin HC XIV";"harzianin"
"NOR00999";"harzianin HK VI";"harzianin"
"NOR01000";"harzianin PCU4";"harzianin"
"NOR01001";"heptaibin";"heptaibin"
"NOR01002";"hypomurocin A1";"hypomurocin"
"NOR01003";"hypomurocin A2";"hypomurocin"
"NOR01004";"hypomurocin A3";"hypomurocin"
"NOR01005";"hypomurocin A4";"hypomurocin"
"NOR01006";"hypomurocin A5";"hypomurocin"
"NOR01007";"hypomurocin A5a";"hypomurocin"
"NOR01008";"hypomurocin B1";"hypomurocin"
"NOR01009";"hypomurocin B2";"hypomurocin"
"NOR01010";"hypomurocin B3a";"hypomurocin"
"NOR01011";"hypomurocin B3b";"hypomurocin"
"NOR01012";"hypomurocin B4";"hypomurocin"
"NOR01013";"hypomurocin B5";"hypomurocin"
"NOR01014";"longibrachin A1";"longibrachin"
"NOR01015";"longibrachin A2";"longibrachin"
"NOR01016";"longibrachin A3";"longibrachin"
"NOR01017";"longibrachin A4";"longibrachin"
"NOR01018";"longibrachin B1";"longibrachin"
"NOR01019";"longibrachin B2";"longibrachin"
"NOR01020";"LP237 F8";"LP237"
"NOR01021";"LP237 F5";"LP237"
"NOR01022";"LP237 F7";"LP237"
"NOR01023";"paracelsin A";"paracelsin"
"NOR01024";"paracelsin B";"paracelsin"
"NOR01025";"paracelsin C";"paracelsin"
"NOR01026";"paracelsin D";"paracelsin"
"NOR01027";"paracelsin E";"paracelsin"
"NOR01028";"peptaibolin";"peptaibolin"
"NOR01029";"peptaivirin A";"peptaivirin"
"NOR01030";"peptaivirin B";"peptaivirin"
"NOR01031";"stilboflavin A1";"stilboflavin"
"NOR01032";"stilboflavin A2";"stilboflavin"
"NOR01033";"stilboflavin A3";"stilboflavin"
"NOR01034";"stilboflavin A4";"stilboflavin"
"NOR01035";"stilboflavin A5";"stilboflavin"
"NOR01036";"stilboflavin A6";"stilboflavin"
"NOR01037";"stilboflavin A7";"stilboflavin"
"NOR01038";"stilboflavin B1";"stilboflavin"
"NOR01039";"stilboflavin B2";"stilboflavin"
"NOR01040";"stilboflavin B3";"stilboflavin"
"NOR01041";"stilboflavin B4";"stilboflavin"
"NOR01042";"stilboflavin B5";"stilboflavin"
"NOR01043";"stilboflavin B6";"stilboflavin"
"NOR01044";"stilboflavin B7";"stilboflavin"
"NOR01045";"stilboflavin B8";"stilboflavin"
"NOR01046";"stilboflavin B9";"stilboflavin"
"NOR01047";"stilboflavin B10";"stilboflavin"
"NOR01048";"trichobrachin A1";"trichobrachin"
"NOR01049";"trichobrachin A2";"trichobrachin"
"NOR01050";"trichobrachin A3";"trichobrachin"
"NOR01051";"trichobrachin A4";"trichobrachin"
"NOR01052";"trichobrachin B1";"trichobrachin"
"NOR01053";"trichobrachin B2";"trichobrachin"
"NOR01054";"trichobrachin B3";"trichobrachin"
"NOR01055";"trichobrachin B4";"trichobrachin"
"NOR01056";"polymyxin B1";"polymyxin"
"NOR01057";"Ile-polymyxin B1";"polymyxin"
"NOR01058";"polymyxin E1";"polymyxin"
"NOR01059";"Ile-polymyxin E1";"polymyxin"
"NOR01060";"Val-polymyxin E1";"polymyxin"
"NOR01061";"Nva-polymyxin E1";"polymyxin"
"NOR01062";"polymyxin M";"polymyxin"
"NOR01063";"polymyxin B2";"polymyxin"
"NOR01064";"polymyxin B3";"polymyxin"
"NOR01065";"polymyxin B4";"polymyxin"
"NOR01066";"polymyxin B5";"polymyxin"
"NOR01067";"polymyxin B6";"polymyxin"
"NOR01068";"polymyxin E2";"polymyxin"
"NOR01069";"Ile-polymyxin E2";"polymyxin"
"NOR01070";"Val-polymyxin E2";"polymyxin"
"NOR01071";"polymyxin E3";"polymyxin"
"NOR01072";"polymyxin E4";"polymyxin"
"NOR01073";"polymyxin E7";"polymyxin"
"NOR01074";"Ile-polymyxin E8";"polymyxin"
"NOR01075";"syringafactin A";"syringafactin"
"NOR01076";"syringafactin B";"syringafactin"
"NOR01077";"syringafactin C";"syringafactin"
"NOR01078";"syringafactin D";"syringafactin"
"NOR01079";"syringafactin E";"syringafactin"
"NOR01080";"syringafactin F";"syringafactin"
"NOR01081";"feglymycin";"feglymycin"
"NOR01082";"zervamicin II-1";"zervamicin"
"NOR01083";"zervamicin II-2";"zervamicin"
"NOR01084";"zervamicin II-3";"zervamicin"
"NOR01085";"zervamicin II-4";"zervamicin"
"NOR01086";"zervamicin II-5";"zervamicin"
"NOR01087";"zervamicin IA";"zervamicin"
"NOR01088";"zervamicin IB";"zervamicin"
"NOR01089";"zervamicin IB prime";"zervamicin"
"NOR01090";"zervamicin IC";"zervamicin"
"NOR01091";"zervamicin IIA";"zervamicin"
"NOR01092";"zervamicin IIB";"zervamicin"
"NOR01093";"Leu1-zervamicin";"zervamicin"
"NOR01094";"trichotoxin A-40";"trichotoxin"
"NOR01095";"trichotoxin A-40 I";"trichotoxin"
"NOR01096";"trichotoxin A-40 II";"trichotoxin"
"NOR01097";"trichotoxin A-40 III";"trichotoxin"
"NOR01098";"trichotoxin A-40 IV";"trichotoxin"
"NOR01099";"trichotoxin A-40 V";"trichotoxin"
"NOR01100";"trichotoxin A-40 Va";"trichotoxin"
"NOR01101";"trichotoxin A-50 E";"trichotoxin"
"NOR01102";"trichotoxin A-50 F";"trichotoxin"
"NOR01103";"trichotoxin A-50 G";"trichotoxin"
"NOR01104";"trichotoxin A-50 H";"trichotoxin"
"NOR01105";"trichotoxin A-50 I";"trichotoxin"
"NOR01106";"trichotoxin A-50 J";"trichotoxin"
"NOR01107";"apicidin";"apicidin"
"NOR01108";"apicidin A";"apicidin"
"NOR01109";"apicidin D2";"apicidin"
"NOR01110";"apicidin D1";"apicidin"
"NOR01111";"apicidin D3";"apicidin"
"NOR01112";"apicidin C";"apicidin"
"NOR01113";"apicidin B";"apicidin"
"NOR01114";"arylomycin A1";"arylomycin"
"NOR01115";"arylomycin A2";"arylomycin"
"NOR01116";"arylomycin A3";"arylomycin"
"NOR01117";"arylomycin A4";"arylomycin"
"NOR01118";"arylomycin A5";"arylomycin"
"NOR01119";"arylomycin B1";"arylomycin"
"NOR01120";"arylomycin B2";"arylomycin"
"NOR01121";"arylomycin B3";"arylomycin"
"NOR01122";"arylomycin B4";"arylomycin"
"NOR01123";"arylomycin B5";"arylomycin"
"NOR01124";"arylomycin B6";"arylomycin"
"NOR01125";"arylomycin B7";"arylomycin"
"NOR01126";"echinomycin";"quinomycin"
"NOR01127";"quinomycin B";"quinomycin"
"NOR01128";"quinomycin C";"quinomycin"
"NOR01129";"triostin A";"triostin"
"NOR01130";"triostin C";"triostin"
"NOR01131";"ADEP-1";"enopeptin"
"NOR01132";"micropeptin A";"cyanopeptolin"
"NOR01133";"micropeptin B";"cyanopeptolin"
"NOR01134";"cyanostatin A";"microginin"
"NOR01135";"cyanostatin B";"microginin"
"NOR01136";"microginin T2";"microginin"
"NOR01137";"microginin 711";"microginin"
"NOR01138";"microginin FR5";"microginin"
"NOR01139";"microginin FR3";"microginin"
"NOR01140";"microginin FR9";"microginin"
"NOR01141";"coelichelin";"coelichelin"
"NOR01142";"scytalidamide A";"scytalidamide"
"NOR01143";"scytalidamide B";"scytalidamide"
"NOR01144";"somamide A";"somamide"
"NOR01145";"somamide B";"somamide"
"NOR01146";"TVB I";"trichorzin"
"NOR01147";"TVB II";"trichorzin"
"NOR01148";"TVB IV";"trichorzin"
"NOR01149";"PAU4";"trichorzin"
"NOR01150";"PA II";"trichorzin"
"NOR01151";"PA IV";"trichorzin"
"NOR01152";"PA V";"trichorzin"
"NOR01153";"PA VI";"trichorzin"
"NOR01154";"PA VIII";"trichorzin"
"NOR01155";"PA IX";"trichorzin"
"NOR01156";"tiglicamide A";"largamide"
"NOR01157";"tiglicamide B";"largamide"
"NOR01158";"tiglicamide C";"largamide"
"NOR01159";"largamide A";"largamide"
"NOR01160";"Methyl ester largamide A";"largamide"
"NOR01161";"HM A1";"hypomurocin"
"NOR01162";"HM A2";"hypomurocin"
"NOR01163";"HM A3";"hypomurocin"
"NOR01164";"HM A4";"hypomurocin"
"NOR01165";"HM A5";"hypomurocin"
"NOR01166";"HM A5a";"hypomurocin"
"NOR01167";"HM B1";"hypomurocin"
"NOR01168";"HM B2";"hypomurocin"
"NOR01169";"HM B3a";"hypomurocin"
"NOR01170";"HM B3b";"hypomurocin"
"NOR01171";"HM B4";"hypomurocin"
"NOR01172";"HM B5";"hypomurocin"
"NOR01173";"kempopeptin A";"kempopeptin"
"NOR01251";"malformin B3";"malformin"
"NOR01252";"malformin B4";"malformin"
"NOR01253";"malformin B5";"malformin"
"NOR01254";"cepaciachelin";"cepaciachelin"
"NOR01255";"Orfamide A";"Orfamide"
"NOR01256";"Orfamide B";"Orfamide"
"NOR01257";"Orfamide C";"Orfamide"
"NOR01258";"kurstakin C12:0-OH(3)";"Kurstakin"
"NOR01259";"kurstakin iC11";"Kurstakin"
"NOR01260";"kurstakin iC13:0-OH(3)";"Kurstakin"
"NOR01261";"kurstakin iC13";"Kurstakin"
"NOR01262";"kurstakin C12";"Kurstakin"
"NOR01263";"kurstakin C14:0-OH(3)";"Kurstakin"
"NOR01264";"kurstakin iC12";"Kurstakin"
"NOR01265";"fengycin A iC17";"fengycin"
"NOR01267";"pseudacyclin A";"pseudacyclin"
"NOR01268";"pseudacyclin B";"pseudacyclin"
"NOR01269";"pseudacyclin D";"pseudacyclin"
"NOR01270";"pseudacyclin E";"pseudacyclin"
"NOR01271";"roseotoxin A";"destruxin"
"NOR01353";"pyoverdin PaA";"pyoverdin"
"NOR01354";"pseudacyclin C";"pseudacyclin"
"NOR01358";"milkisin C";"amphisin"
"NOR01359";"milkisin A";"amphisin"
"NOR01360";"milkisin B";"amphisin"
"NOR01361";"milkisin D";"amphisin"
"NOR01362";"Jessenipeptin";"fuscopeptin"
"NOR01363";"pristinamycin";"cyclic depsipeptide"
"NOR01364";"Antimycin";"cyclic depsipeptide"
"NOR01365";"thiocoraline";"cyclic depsipeptide"
"NOR01366";"Pellasoren";"other"
"NOR01367";"Curacin A";"other"
"NOR01368";"anabaenopeptin";"other"
"NOR01369";"Livipeptin";"other"
"NOR01370";"Malacidin A";"ca+-dependent lipopeptide"
"NOR01371";"Malacidin B";"ca+-dependent lipopeptide"
"NOR01372";"Leupyrrin";"other"
"NOR01373";"Myxovirescin A";"other"
"NOR01374";"Malleobactin A";"nrp siderophore"
"NOR01375";"malleobactin B";"nrp siderophore"
"NOR01376";"malleobactin C";"nrp siderophore"
"NOR01377";"malleobactin D";"nrp siderophore"
"NOR01378";"Aeruginoside 126B";"glycopeptide"
"NOR01379";"Aeruginoside 126A";"glycopeptide"
"NOR01380";"kirromycin";"other"
"NOR01381";"avoparcin";"glycopeptide"
"NOR01382";"Myxochromide A";"cyclic depsipeptide"
"NOR01383";"methylpendolmycin";"other"
"NOR01384";"pendolmycin";"other"
"NOR01385";"nostopeptolide A";"cyclic depsipeptide"
"NOR01386";"Rakicidin A";"cyclic depsipeptide"
"NOR01387";"Rakicidin B";"cyclic depsipeptide"
"NOR01388";"Chondrochloren";"other"
"NOR01389";"Myxochromide S";"cyclic depsipeptide"
"NOR01390";"Retimycin A";"cyclic depsipeptide"
"NOR01391";"bromoalterochromide A";"cyclic depsipeptide"
"NOR01392";"Onnamide A";"other"
"NOR01393";"chaetoglobosins";"other"
"NOR01394";"Skyllamycin A";"cyclic depsipeptide"
"NOR01395";"cephamycin C";"beta-lactam"
"NOR01396";"polymyxin B";"other lipopeptide"
"NOR01397";"Myxothiazol";"other"
"NOR01398";"teicoplanin";"glycopeptide"
"NOR01399";"Arylomycin";"other lipopeptide"
"NOR01400";"epoxomicin";"other"
"NOR01401";"disgocidine";"other"
"NOR01402";"distamycin";"other"
"NOR01403";"congocidine";"other"
"NOR01404";"cyclomarin D";"other"
"NOR01405";"sporolide";"unknown"
"NOR01406";"diaphorin";"other"
"NOR01407";"Myxochromide S1";"other"
"NOR01408";"nannocystin a";"other"
"NOR01409";"Matlystatin A";"none"
"NOR01410";"bleomycin";"glycopeptide"
"NOR01411";"Xenortide A";"other"
"NOR01412";"Xenortide B";"other"
"NOR01413";"Xenortide C";"other"
"NOR01414";"Xenortide D";"other"
"NOR01415";"pyralomicin 1a";"other"
"NOR01416";"Microsclerodermin M";"other"
"NOR01417";"Phosphinothricintripeptide";"other"
"NOR01418";"aspirochlorine";"other"
"NOR01419";"BE-43547A1";"cyclic depsipeptide"
"NOR01420";"BE-43547A2";"cyclic depsipeptide"
"NOR01421";"BE-43547B1";"cyclic depsipeptide"
"NOR01422";"BE-43547B2";"cyclic depsipeptide"
"NOR01423";"BE-43547B3";"cyclic depsipeptide"
"NOR01424";"BE-43547C1";"cyclic depsipeptide"
"NOR01425";"BE-43547C2";"cyclic depsipeptide"
"NOR01426";"N-myristoyl-D-asparagine";"other"
"NOR01427";"cis-7-tetradecenoyl-D-asparagine";"other"
"NOR01428";"(R)-N1-((S)-5-oxohexan-2-yl)-2-tetradecanamidosuccinamide";"other"
"NOR01429";"Cinnabaramide";"other"
"NOR01430";"Promysalin";"unknown"
"NOR01431";"Stenothricin";"cyclic depsipeptide"
"NOR01432";"aspyridone A";"other"
"NOR01433";"napsamycin A";"uridylpeptide"
"NOR01434";"napsamycin B";"uridylpeptide"
"NOR01435";"napsamycin C";"uridylpeptide"
"NOR01436";"mureidomycin A";"uridylpeptide"
"NOR01437";"mureidomycin B";"uridylpeptide"
"NOR01438";"Bicornutin A1";"other"
"NOR01439";"Bicornutin A2";"other"
"NOR01440";"Myxochromide B";"cyclic depsipeptide"
"NOR01441";"griseoviridin";"cyclic depsipeptide"
"NOR01442";"collismycin A";"other"
"NOR01443";"Althiomycin";"other"
"NOR01444";"zeamine";"other"
"NOR01445";"zeamine I";"other"
"NOR01446";"zeamine II";"other"
"NOR01447";"Prezeamine";"other"
"NOR01448";"Prezeamine I";"other"
"NOR01449";"Tenellin";"other"
"NOR01450";"Xenocoumacin 1";"other"
"NOR01451";"Xenocoumacin II";"other"
"NOR01452";"ucs1025a";"other"
"NOR01453";"terrequinone A";"unknown"
"NOR01454";"surfactin";"other lipopeptide"
"NOR01455";"lydicamycin";"other"
"NOR01456";"nosperin";"unknown"
"NOR01457";"cytochalasin E";"other"
"NOR01458";"cytochalasin K";"other"
"NOR01459";"Bananamide 1";"cyclic depsipeptide"
"NOR01460";"Bananamide 2";"cyclic depsipeptide"
"NOR01461";"Bananamide 3";"cyclic depsipeptide"
"NOR01462";"histidyltryptophanyldiketopiperazine";"other"
"NOR01463";"dehydrohistidyltryptophanyldiketopiperazine";"other"
"NOR01464";"roquefortine D";"other"
"NOR01465";"roquefortine C";"other"
"NOR01466";"glandicoline A";"other"
"NOR01467";"glandicoline B";"other"
"NOR01468";"meleagrin";"other"
"NOR01469";"Echinocandin B";"other lipopeptide"
"NOR01470";"psymberin";"other"
"NOR01471";"irciniastatin B";"other"
"NOR01472";"marthiapeptide A";"other"
"NOR01473";"lymphostin";"other"
"NOR01474";"neolymphostinol B";"other"
"NOR01475";"lymphostinol";"other"
"NOR01476";"neolymphostin b";"other"
"NOR01477";"parahequamide A";"other"
"NOR01478";"bacillaene";"unknown"
"NOR01479";"FK228";"cyclic depsipeptide"
"NOR01480";"Burkholdac A";"cyclic depsipeptide"
"NOR01481";"Myxochromide C";"cyclic depsipeptide"
"NOR01482";"sessilin A";"cyclic depsipeptide"
"NOR01483";"Jamaicamide";"other"
"NOR01484";"Jamaicamide b";"other"
"NOR01485";"jamaicamide c";"other"
"NOR01486";"notoamide A";"other"
"NOR01487";"Xenoamicin A";"cyclic depsipeptide"
"NOR01488";"Xenoamicin B";"cyclic depsipeptide"
"NOR01489";"Nostophycin";"other"
"NOR01490";"bacillomycin D";"other lipopeptide"
"NOR01491";"verruculogen";"other"
"NOR01492";"fumitremorgin B";"other"
"NOR01493";"fumitremorgin c";"other"
"NOR01494";"tryprostatin A";"other"
"NOR01495";"tryprostatin B";"other"
"NOR01496";"demethoxyfumitremorgin C";"other"
"NOR01497";"Xenotetrapeptide";"other"
"NOR01498";"brabantamide A";"other lipopeptide"
"NOR01499";"eponemycin";"other"
"NOR01500";"Taxlllaid";"other"
"NOR01501";"fusaricidin B";"other lipopeptide"
"NOR01502";"shinorine";"other"
"NOR01503";"4-deoxygadusol";"other"
"NOR01504";"mycosporine glycine";"other"
"NOR01505";"leinamycin";"other"
"NOR01506";"Malleilactone";"beta-lactam"
"NOR01507";"cichofactin A";"other lipopeptide"
"NOR01508";"cichofactin B";"other lipopeptide"
"NOR01509";"Ajudazol";"other"
"NOR01510";"thanamycin";"beta-lactam"
"NOR01511";"frontalamide B";"other"
"NOR01512";"actinonin";"none"
"NOR01513";"Aeruginosin 98-A";"other"
"NOR01514";"Aeruginosin 98-B";"other"
"NOR01515";"Aeruginosin 98-C";"other"
"NOR01516";"WLIP";"other lipopeptide"
"NOR01517";"cupriachelin";"nrp siderophore"
"NOR01518";"Fimsbactin A";"nrp siderophore"
"NOR01519";"Serobactin C";"nrp siderophore"
"NOR01520";"Serobactin B";"nrp siderophore"
"NOR01521";"Serobactin A";"nrp siderophore"
"NOR01522";"Rakicidin D";"cyclic depsipeptide"
"NOR01523";"Hapalosin";"cyclic depsipeptide"
"NOR01524";"zorbamycin";"glycopeptide"
"NOR01525";"Myxochromide D";"cyclic depsipeptide"
"NOR01526";"pseurotin";"other"
"NOR01527";"azaspirene";"other"
"NOR01528";"Malbrancheamide A";"other"
"NOR01529";"Taromycin A";"ca+-dependent lipopeptide"
"NOR01530";"Kalimantacin A";"other"
"NOR01531";"Xenolindicin A";"other lipopeptide"
"NOR01532";"Thalassospiramide A";"other lipopeptide"
"NOR01533";"Microsclerodermin";"other"
"NOR01534";"Poaeamide B";"cyclic depsipeptide"
"NOR01535";"Melithiazol A";"other"
"NOR01536";"thailandamide A";"other"
"NOR01537";"thailandamide B";"other"
"NOR01538";"thailandamide lactone";"other"
"NOR01539";"spumigin E";"other"
"NOR01540";"poaeamide A";"other lipopeptide"
"NOR01541";"A40926";"glycopeptide"
"NOR01542";"hexadehydroastechrome";"other"
"NOR01543";"terezine D";"other"
"NOR01544";"astechrome";"other"
"NOR01545";"difficidin";"unknown"
"NOR01546";"Luminmycin";"other"
"NOR01547";"microcystin";"other"
"NOR01548";"cryptophyicin 1";"other"
"NOR01549";"alpha-lipomycin";"other lipopeptide"
"NOR01550";"Lyngbyatoxin";"other"
"NOR01551";"anabaenopeptin NZ 857";"other"
"NOR01552";"nostamide A";"other"
"NOR01553";"burkholderic acid";"other"
"NOR01554";"rhizoxin A";"other"
"NOR01555";"barbamide";"other"
"NOR01556";"marinopyrrole A";"other"
"NOR01557";"marynopyrrole E";"other"
"NOR01558";"marynopyrrole D";"other"
"NOR01559";"marynopyrrole C";"other"
"NOR01560";"marinopyrrole B";"other"
"NOR01561";"tolaasin F";"other lipopeptide"
"NOR01562";"cylindrospermopsin";"other"
"NOR01563";"Chivosazol";"other"
"NOR01564";"Gliotoxin";"other"
"NOR01565";"Bisdethiobis(methylthio)gliotoxin";"other"
"NOR01566";"Rhabdopeptide 1";"other"
"NOR01567";"Rhabdopeptide 2";"other"
"NOR01568";"Rhabdopeptide 3";"other"
"NOR01569";"Rhabdopeptide 4";"other"
"NOR01570";"Myxoprincomide-c506";"other"
"NOR01571";"cyclo-(D-Phe-L-Phe-D-Val-L-Val)";"cyclic depsipeptide"
"NOR01572";"cyclo-(D-Tyr-L-Phe-D-Val-L-Val)";"cyclic depsipeptide"
"NOR01573";"cyclo-(D-Tyr-L-Trp-D-Val-L-Val)";"cyclic depsipeptide"
"NOR01574";"cyclo-(D-Phe-L-Trp-D-Val-L-Val)";"cyclic depsipeptide"
"NOR01575";"cyclo-(D-Phe-L-Phe-D-Val-L-Ile)";"cyclic depsipeptide"
"NOR01576";"cyclo-(D-Phe-L-Phe-D-Ile-L-Val)";"cyclic depsipeptide"
"NOR01577";"cyclo-(D-Tyr-L-Trp-D-Val-L-Ile)";"cyclic depsipeptide"
"NOR01578";"cyclo-(D-Tyr-L-Trp-D-Ile-L-Val)";"cyclic depsipeptide"
"NOR01579";"cyclo-(D-Tyr-L-Phe-D-Val-L-Ile)";"cyclic depsipeptide"
"NOR01580";"cyclo-(D-Tyr-L-Phe-D-Ile-L-Val)";"cyclic depsipeptide"
"NOR01581";"micacocidin";"nrp siderophore"
"NOR01582";"Leporin B";"other"
"NOR01583";"Valinomycin";"cyclic depsipeptide"
"NOR01584";"Arthrofactin A";"other lipopeptide"
"NOR01585";"Stigmatellin A";"other"
"NOR01586";"fumiquinazoline A";"other"
"NOR01587";"fumiquinazoline C";"other"
"NOR01588";"fumiquinazoline D";"other"
"NOR01589";"delta-(L-alpha-aminoadipyl)-L-cysteine-D-valine";"beta-lactam"
"NOR01590";"isopenicillin N";"beta-lactam"
"NOR01591";"Benzylpenicillin";"beta-lactam"
"NOR01592";"Phenoxymethylpenicillin ";"beta-lactam"
"NOR01593";"chloramphenicol";"other"
"NOR01594";"A47934";"glycopeptide"
"NOR01596";"xantholysin B";"other lipopeptide"
"NOR01597";"xantholysin C";"other lipopeptide"
"NOR01598";"Spiruchostatin A";"cyclic depsipeptide"
"NOR01599";"tilivalline";"pyrrolobenzodiazepine"
"NOR01600";"9-deoxy tilivalline";"pyrrolobenzodiazepine"
"NOR01601";"dihydroxy tilivalline";"pyrrolobenzodiazepine"
"NOR01602";"dehydro tilivallin";"pyrrolobenzodiazepine"
"NOR01603";"dihydroxy-dehydro tilivallin";"pyrrolobenzodiazepine"
"NOR01604";"Thuggacin A";"other"
"NOR01605";"calyculin A";"other"
"NOR01606";"phosphocalyculin A";"other"
"NOR01607";"calyculinamide A";"other"
"NOR01608";"dephosphonocalyculin A";"other"
"NOR01609";"xenolozoyenone";"other lipopeptide"
"NOR01610";"pneumocandin B0";"unknown"
"NOR01611";"pneumocandin A0";"unknown"
"NOR01612";"dihydroisoflavipucine";"other"
"NOR01613";"isoflavipucine";"other"
"NOR01614";"fengycin";"unknown"
"NOR01615";"destruxin";"other"
"NOR01616";"Notoamide A";"other"
"NOR01617";"desmethylbassianin";"other"
"NOR01618";"Hassallidin C";"other"
"NOR01619";"Cereulide";"cyclic depsipeptide"
"NOR01620";"Fabclavine Ia";"other"
"NOR01621";"Rhizopodin";"other"
"NOR01622";"ikarugamycin";"other"
"NOR01623";"hectochlorin";"other lipopeptide"
"NOR01624";"UK-68,597";"glycopeptide"
"NOR01625";"Nogabecin";"glycopeptide"
"NOR01626";"tirandamycin";"other"
"NOR01627";"ET-743";"beta-lactam"
"NOR01628";"neolymphostin B";"other"
"NOR01629";"Ambactin";"other"
"NOR01630";"Salinamide A";"cyclic depsipeptide"
"NOR01631";"Salinamide B";"cyclic depsipeptide"
"NOR01632";"Salinamide C";"cyclic depsipeptide"
"NOR01633";"Salinamide D";"cyclic depsipeptide"
"NOR01634";"Salinamide E";"cyclic depsipeptide"
"NOR01635";"Salinamide F";"cyclic depsipeptide"
"NOR01636";"Desmethylsalinamide C";"cyclic depsipeptide"
"NOR01637";"Desmethylsalinamide E";"cyclic depsipeptide"
"NOR01638";"Sevadicin";"other"
"NOR01639";"tallysomycin A";"glycopeptide"
"NOR01640";"hormaomycin";"cyclic depsipeptide"
"NOR01641";"hormaomycin A1";"cyclic depsipeptide"
"NOR01642";"hormaomycin A2";"cyclic depsipeptide"
"NOR01643";"hormaomycin A3";"cyclic depsipeptide"
"NOR01644";"hormaomycin A4";"cyclic depsipeptide"
"NOR01645";"hormaomycin A5";"cyclic depsipeptide"
"NOR01646";"hormaomycin A6";"cyclic depsipeptide"
"NOR01647";"salinosporamide";"other"
"NOR01648";"Chondramid A";"cyclic depsipeptide"
"NOR01649";"Didemnin B";"cyclic depsipeptide"
"NOR01650";"Nordidemnin B";"cyclic depsipeptide"
"NOR01651";"Didemnin X";"cyclic depsipeptide"
"NOR01652";"Didemnin Y";"cyclic depsipeptide"
"NOR01653";"Obafluorin";"other"
"NOR01654";"Chlorizidine A";"other"
"NOR01655";"Ristomycin A";"glycopeptide"
"NOR01656";"AERUGINOSIN 98-B";"unknown"
"NOR01657";"EFRAPEPTIN C";"unknown"
"NOR01658";"(2S)-2-{[(2R,5S)-5-{[(2S,3S)-2-{[(2S,3R)-2-(ACETYLAMINO)-3-HYDROXYBUTANOYL]AMINO}-3-METHYLPENTANOYL]";"unknown"
"NOR01659";"N-BENZYL-2-[(MORPHOLIN-4-YLACETYL)AMINO]-4,5,6,7-TETRAHYDRO-1-BENZOTHIOPHENE-3-CARBOXAMIDE";"unknown"
"NOR01660";"Teicoplanin Aglycone";"unknown"
"NOR01661";"N-[(2S)-1-({2-[5-CHLORO-2-(1H-TETRAZOL-1-YL)PHENYL]ETHYL}AMINO)-1-OXO-3-PHENYLPROPAN-2-YL]-3-OXO-3,4";"unknown"
"NOR01662";"N-HEXANOYL-L-VALYL-N~1~-[(4S,5S,6R)-5-HYDROXY-2,6-DIMETHYLOCTAN-4-YL]-N~5~,N~5~-DIMETHYL-L-GLUTAMAMI";"unknown"
"NOR01663";"N-{3-[3-(3-CHLOROBIPHENYL-4-YL)ISOXAZOL-5-YL]PROPANOYL}-L-ALPHA-GLUTAMYL-L-ALPHA-GLUTAMYL-AMIDE";"unknown"
"NOR01664";"N-(BENZYLSULFONYL)-3-CYCLOHEXYL-D-ALANYL-N-[2-(AMINOMETHYL)-5-CHLOROBENZYL]-L-PROLINAMIDE";"unknown"
"NOR01665";"N-[(R)-({[(BENZYLOXY)CARBONYL]AMINO}METHYL)(HYDROXY)PHOSPHORYL]-N-ETHYL-L-LEUCINAMIDE";"unknown"
"NOR01666";"N-{(2S)-1-[(2-CHLOROBENZYL)AMINO]-1-OXO-4-PHENYLBUTAN-2-YL}-N~2~-[3-(2-METHYLPHENYL)PROPANOYL]-L-THR";"unknown"
"NOR01667";"NALPHA-[(BENZYLOXY)CARBONYL]-N-[(1S)-1-(4-TERT-BUTOXYBENZYL)-3-DIAZO-2-OXOPROPYL]-L-PHENYLALANINAMID";"unknown"
"NOR01668";"N-[(S)-({[(BENZYLOXY)CARBONYL]AMINO}METHYL)(HYDROXY)PHOSPHORYL]-L-LEUCYL-L-ISOLEUCINE";"unknown"
"NOR01669";"N8-Actinomycin D";"unknown"
"NOR01670";"N-[(CYCLOPENTYLOXY)CARBONYL]-3-METHYL-L-VALYL-(4R)-N-[(1R,2S)-1-CARBOXY-2-ETHENYLCYCLOPROPYL]-4-[(7-";"unknown"
"NOR01671";"N-(METHYLSULFONYL)-D-PHENYLALANYL-N-[(1-CARBAMIMIDOYLPIPERIDIN-4-YL)METHYL]-L-PROLINAMIDE";"unknown"
"NOR01672";"N~2~-[(R)-({[(BENZYLOXY)CARBONYL]AMINO}METHYL)(HYDROXY)PHOSPHORYL]-N-PROPYL-L-LEUCINAMIDE";"unknown"
"NOR01673";"(3S)-4-HYDROXY-3-{[(2S)-4-{[2-(2-METHYL-1H-BENZIMIDAZOL-1-YL)ETHYL]AMINO}-2-(1-METHYLETHYL)-4-OXOBUT";"unknown"
"NOR01674";"N-[(2S)-3-(3-TERT-BUTYL-1,2,4-OXADIAZOL-5-YL)-1-({(2S)-1-[(4-METHYLBENZYL)AMINO]-1-OXO-4-PHENYLBUTAN";"unknown"
"NOR01675";"3-HYDROXY-N-[(2S,3R)-3-HYDROXY-4-{[(4-METHOXYPHENYL)SULFONYL](3-PHENYLPROPYL)AMINO}-1-PHENYLBUTAN-2-";"unknown"
"NOR01676";"CYCLOSPORIN A, 5 mutation";"unknown"
"NOR01677";"PHQ-Leu-Leu-Leu-ketoaldehyde, bound form";"unknown"
"NOR01678";"N-[4-({[(6S)-2-AMINO-4-OXO-3,4,5,6,7,8-HEXAHYDROPTERIDIN-6-YL]METHYL}AMINO)BENZOYL]-L-GAMMA-GLUTAMYL";"unknown"
"NOR01679";"N~2~-[(R)-({[(BENZYLOXY)CARBONYL]AMINO}METHYL)(HYDROXY)PHOSPHORYL]-N-(2-METHYLPROPYL)-L-LEUCINAMIDE";"unknown"
"NOR01680";"N-[(2S,3R)-4-{(CYCLOHEXYLMETHYL)[(4-METHOXYPHENYL)SULFONYL]AMINO}-3-HYDROXY-1-PHENYLBUTAN-2-YL]-3-HY";"unknown"
"NOR01681";"N-[(2S)-3-[(R)-(4-BROMOPHENYL)(HYDROXY)PHOSPHORYL]-2-{[3-(3-CHLOROBIPHENYL-4-YL)-1,2-OXAZOL-5-YL]MET";"unknown"
"NOR01682";"D-PHENYLALANYL-N-[(4-CHLORO-1-METHYLPYRIDINIUM-3-YL)METHYL]-L-PROLINAMIDE";"unknown"
"NOR01684";"BENZYL [(2S)-1-({(2R)-1-[(1S,2S)-2-{[(2R,3S,4S)-3-FORMYL-2-HYDROXY-4-METHYLHEXANOYL]AMINO}CYCLOPROPY";"unknown"
"NOR01685";"N-pentylpantothenamide";"unknown"
"NOR01686";"4-(BENZYLOXY)-N-[(2S,3R)-3-HYDROXY-1-{[(2S)-1-{[(3-METHYLTHIOPHEN-2-YL)METHYL]AMINO}-1-OXO-4-PHENYLB";"unknown"
"NOR01687";"Cyclosporin C variant (DAL 1 to VAD, MLE 3 to LEU, VAL 9 to LEU)";"unknown"
"NOR01688";"tert-butyl [(1S,2S)-1-benzyl-2-hydroxy-3-{[(8S,11R)-8-[(1R)-1-methylpropyl]-7,10-dioxo-2-oxa-6,9-dia";"unknown"
"NOR01689";"(2S)-2-({N-[(R)-({[(BENZYLOXY)CARBONYL]AMINO}METHYL)(HYDROXY)PHOSPHORYL]-L-LEUCYL}AMINO)BUTANOIC ACI";"unknown"
"NOR01690";"Cyclosporin A variant, MLE 8 to MNL";"unknown"
"NOR01691";"Teicoplanin A2-2 beta-D-Glucopyranuronic acid";"unknown"
"NOR01692";"N~2~-ACETYL-N-[(2S,3R)-3-HYDROXY-4-{[(4-METHOXYPHENYL)SULFONYL](2-METHYLPROPYL)AMINO}-1-PHENYLBUTAN-";"unknown"
"NOR01693";"Trichovirin I-4A";"unknown"
"NOR01694";"PHE-PHE-ARG-chloromethylketone";"unknown"
"NOR01695";"N-(3-CARBOXYPROPANOYL)-L-VALYL-N-[(1S)-2-PHENYL-1-PHOSPHONOETHYL]-L-PROLINAMIDE";"unknown"
"NOR01696";"N3PHE-LEU-LEU-PHE(4-NH2CH2)-METHYL VINYL SULFONE, BOUND FORM";"unknown"
"NOR01697";"N-[(2R)-1-{[(2S,3S)-5-{[(2R)-1-{[(2S)-1-AMINO-4-METHYL-1-OXOPENTAN-2-YL]AMINO}-3-CHLORO-1-OXOPROPAN-";"unknown"
"NOR01698";"(2S)-N-[[2-(AMINOMETHYL)-5-CHLORANYL-PHENYL]METHYL]-1-[(2S)-2-[(3-CHLORANYL-4-METHOXY-PHENYL)SULFONY";"unknown"
"NOR01699";"N-[(R)-({[(BENZYLOXY)CARBONYL]AMINO}METHYL)(HYDROXY)PHOSPHORYL]-L-LEUCYL-L-NORVALINE";"unknown"
"NOR01700";"(2S)-2-[(N-ACETYL-L-ALPHA-ASPARTYL)AMINO]NONANOIC ACID";"unknown"
"NOR01701";"N-[(2S)-3-[(S)-(4-BROMOPHENYL)(HYDROXY)PHOSPHORYL]-2-{[3-(3-CHLOROBIPHENYL-4-YL)-1,2-OXAZOL-5-YL]MET";"unknown"
"NOR01702";"N-{(2S)-3-[(S)-(4-BROMOPHENYL)(HYDROXY)PHOSPHORYL]-2-[(3-PHENYL-1,2-OXAZOL-5-YL)METHYL]PROPANOYL}-L-";"unknown"
"NOR01703";"N-[(S)-({[(BENZYLOXY)CARBONYL]AMINO}METHYL)(HYDROXY)PHOSPHORYL]-N-METHYL-L-LEUCINAMIDE";"unknown"
"NOR01704";"Cyclosporin C";"unknown"
"NOR01705";"N~2~-[(S)-({[(BENZYLOXY)CARBONYL]AMINO}METHYL)(HYDROXY)PHOSPHORYL]-N-[(2S)-2-METHYLBUTYL]-L-LEUCINAM";"unknown"
"NOR01706";"N-[(BENZYLOXY)CARBONYL]-L-LEUCYL-N-[(1R)-1-(DIHYDROXYBORANYL)-3-METHYLBUTYL]-L-LEUCINAMIDE";"unknown"
"NOR01707";"N-[(2S)-1-{[(2S,3S)-3-HYDROXY-5-OXO-5-{[(2R)-1-OXO-3-PHENYL-1-(PROP-2-YN-1-YLAMINO)PROPAN-2-YL]AMINO";"unknown"
"NOR01708";"N~2~-ACETYL-N-[(2S,3R)-4-{(1,3-BENZOTHIAZOL-6-YLSULFONYL)[(2S)-2-METHYLBUTYL]AMINO}-3-HYDROXY-1-PHEN";"unknown"
"NOR01709";"N-(BENZYLSULFONYL)-D-LEUCYL-N-(4-CARBAMIMIDOYLBENZYL)-L-PROLINAMIDE";"unknown"
"NOR01710";"SCYPTOLIN A";"unknown"
"NOR01711";"N-(3-BIPHENYL-4-YLPROPANOYL)-L-ALPHA-GLUTAMYL-L-ALPHA-GLUTAMYL-AMIDE";"unknown"
"NOR01712";"N-{(2S,3R)-4-[(1,3-BENZOTHIAZOL-6-YLSULFONYL)(3-PHENYLPROPYL)AMINO]-3-HYDROXY-1-PHENYLBUTAN-2-YL}-3-";"unknown"
"NOR01713";"NALPHA-[(BENZYLOXY)CARBONYL]-N-[(2S)-1-(4-TERT-BUTOXYPHENYL)-4-HYDROXY-3-OXOBUTAN-2-YL]-L-PHENYLALAN";"unknown"
"NOR01714";"(3S,8AR)-2-{(2S)-2-CYCLOHEXYL-2-[(N-METHYL-L-ALANYL)AMINO]ACETYL}-N-[(1R)-1,2,3,4-TETRAHYDRONAPHTHAL";"unknown"
"NOR01715";"(2R,6S,13AR,14AR,16AS)-6-{[(CYCLOPENTYLOXY)CARBONYL]AMINO}-14A-[(CYCLOPROPYLSULFONYL)CARBAMOYL]-5,16";"unknown"
"NOR01716";"3-HYDROXY-N-[(2S,3R)-3-HYDROXY-4-([(2S)-2-METHYLBUTYL]{[5-(1,2-OXAZOL-5-YL)THIOPHEN-2-YL]SULFONYL}AM";"unknown"
"NOR01717";"HMB-VAL-SER-PHE(4-NH2CH2)-METHYL VINYL SULFONE, BOUND FORM";"unknown"
"NOR01718";"Synthetic PYOVERDINE Fe Complex";"unknown"
"NOR01719";"PHQ-Leu-Leu-Leu-aldehyde MG-132, bound form";"unknown"
"NOR01720";"Z-GLY-GLY-PHE-CHLOROMETHYL KETONE (BOUND FORM)";"unknown"
"NOR01721";"Chymostatin A";"unknown"
"NOR01722";"N-(BENZYLSULFONYL)GLYCYL-N-[2-(AMINOMETHYL)-5-CHLOROBENZYL]-L-PROLINAMIDE";"unknown"
"NOR01723";"[PROPYLAMINO-3-HYDROXY-BUTAN-1,4-DIONYL]-ISOLEUCYL-PROLINE";"unknown"
"NOR01724";"CYCLOSPORIN A, 8 mutation";"unknown"
"NOR01725";"N-ACETYLGLYCYL-N-[(3S)-1-HYDROXY-5-METHYL-2-OXOHEXAN-3-YL]-L-SERINAMIDE";"unknown"
"NOR01726";"Chymostatin";"unknown"
"NOR01727";"D-PHENYLALANYL-N-[(4-CHLOROPYRIDIN-2-YL)METHYL]-L-PROLINAMIDE";"unknown"
"NOR01728";"SAMAROSPORIN I";"unknown"
"NOR01729";"(2R)-2,4-DIHYDROXY-3,3-DIMETHYL-N-{3-OXO-3-[(PYRIDIN-3-YLMETHYL)AMINO]PROPYL}BUTANAMIDE";"unknown"
"NOR01730";"METHANOBACTIN";"unknown"
"NOR01731";"Viomycin";"unknown"
"NOR01732";"N-[(BENZYLOXY)CARBONYL]-L-LEUCYL-N-[(2S,3S)-3-HYDROXY-1-(4-HYDROXYPHENYL)-4-OXOBUTAN-2-YL]-L-LEUCINA";"unknown"
"NOR01733";"N3PHE-PHE(4-NH2CH2)-LEU-PHE(4-NH2CH2)-METHYL VINYL SULFONE, BOUND FORM";"unknown"
"NOR01734";"N-(BENZYLSULFONYL)-D-VALYL-N-(4-CARBAMIMIDOYLBENZYL)-L-PROLINAMIDE";"unknown"
"NOR01735";"KNI-10395";"unknown"
"NOR01736";"N-[(CYCLOPENTYLOXY)CARBONYL]-3-METHYL-L-VALYL-(4R)-4-[(8-BROMO-7-METHOXY-2-{2-[(2-METHYLPROPANOYL)AM";"unknown"
"NOR01737";"N-HEXANOYL-L-VALYL-N~1~-[(3S,4S)-3-HYDROXY-2,6-DIMETHYLHEPT-1-EN-4-YL]-N~5~,N~5~-DIMETHYL-L-GLUTAMAM";"unknown"
"NOR01738";"N~2~-(BENZYLSULFONYL)-D-ARGINYL-N-(4-CARBAMIMIDOYLBENZYL)GLYCINAMIDE";"unknown"
"NOR01739";"N-[(BENZYLOXY)CARBONYL]-L-LEUCYL-N-{(2S,3S)-1-[(2,4-DIMETHYLPHENYL)AMINO]-2-HYDROXY-5-METHYL-1-OXOHE";"unknown"
"NOR01740";"S-argatroban";"unknown"
"NOR01741";"D-PHENYLALANYL-N-(PYRIDIN-4-YLMETHYL)-L-PROLINAMIDE";"unknown"
"NOR01742";"TERT-BUTYL [(1S)-1-{[(1R,2S,5S)-2-({[(1S)-3-AMINO-1-(CYCLOPROPYLMETHYL)-2,3-DIOXOPROPYL]AMINO}CARBON";"unknown"
"NOR01743";"N-(4-{[(2-AMINO-4-OXO-3,4-DIHYDROPTERIDIN-6-YL)METHYL]AMINO}BENZOYL)-L-GAMMA-GLUTAMYL-L-GAMMA-GLUTAM";"unknown"
"NOR01744";"Cyclosporin D";"unknown"
"NOR01745";"N-{3-[4-(4-PHENYLTHIOPHEN-2-YL)PHENYL]PROPANOYL}-L-ALPHA-GLUTAMYL-L-ALPHA-GLUTAMYL-AMIDE";"unknown"
"NOR01746";"(4S,6aR,7aS)-5-{(2S)-2-cyclohexyl-2-[(N-methyl-L-alanyl)amino]acetyl}-N-[(4R)-3,4-dihydro-2H-chromen";"unknown"
"NOR01747";"LEUPEPTIN";"unknown"
"NOR01748";"3,N(D,L-[2-(HYDROXYAMINO-CARBONYL)METHYL]-4-METHYL PENTANOYL)L-3-(TERT-BUTYL)GLYCYL-L-ALANINE";"unknown"
"NOR01749";"N-(BENZYLSULFONYL)-D-LEUCYL-N-[2-(AMINOMETHYL)-5-CHLOROBENZYL]-L-PROLINAMIDE";"unknown"
"NOR01750";"N-{(2S,3R)-4-[(1,3-BENZOTHIAZOL-6-YLSULFONYL)(CYCLOHEXYLMETHYL)AMINO]-3-HYDROXY-1-PHENYLBUTAN-2-YL}-";"unknown"
"NOR01751";"Mutant CYCLOSPORIN D";"unknown"
"NOR01752";"APSTATIN";"unknown"
"NOR01753";"N-[(S)-({[(BENZYLOXY)CARBONYL]AMINO}METHYL)(HYDROXY)PHOSPHORYL]-L-LEUCYL-L-ALANINE";"unknown"
"NOR01754";"PHQ-LEU-LEU-LEU-EPOXYKETONE, unbound form";"unknown"
"NOR01755";"Decaplanin";"unknown"
"NOR01756";"N~2~-[(R)-({[(BENZYLOXY)CARBONYL]AMINO}METHYL)(HYDROXY)PHOSPHORYL]-N-(2-PHENYLETHYL)-L-LEUCINAMIDE";"unknown"
"NOR01757";"CARFILZOMIB, bound form";"unknown"
"NOR01758";"N~2~-[(S)-({[(BENZYLOXY)CARBONYL]AMINO}METHYL)(HYDROXY)PHOSPHORYL]-N-(3,3-DIMETHYLBUTYL)-L-LEUCINAMI";"unknown"
"NOR01760";"PHQ-LEU-LEU-LEU-ketoamide, bound form";"unknown"
"NOR01761";"VANCOMYCIN AGLYCON";"unknown"
"NOR01762";"N-[3-(3-PHENYLISOXAZOL-5-YL)PROPANOYL]-L-ALPHA-GLUTAMYL-L-ALPHA-GLUTAMYL-AMIDE";"unknown"
"NOR01763";"Cyclosporin A";"unknown"
"NOR01764";"METHYL N-[(2S)-1-[[(2S,3S,5S)-5-[[(2S)-2-(METHOXYCARBONYLAMINO)-3,3-DIMETHYL-BUTANOYL]AMINO]-3-OXIDA";"unknown"
"NOR01765";"PHQ-LEU-LEU-LEU-EPOXYKETONE, bound form";"unknown"
"NOR01766";"(S)-N-((1R,2S)-1-((2R,3R)-3-BENZYLOXIRAN-2-YL)-1-HYDROXY-3-PHENYLPROPAN-2-YL)-3-METHYL-2-(2-PHENOXYA";"unknown"
"NOR01767";"uk63052";"unknown"
"NOR01768";"(3AR,5AS,8S,10AS)-1-[(3S,6R,8AS)-1-[(2S)-2-ACETAMIDO-3-(2-CHLOROPHENYL)PROPANOYL]-5-OXIDANYLIDENE-SP";"unknown"
"NOR01769";"N-{(2S)-3-[(R)-(4-BROMOPHENYL)(HYDROXY)PHOSPHORYL]-2-[(3-PHENYL-1,2-OXAZOL-5-YL)METHYL]PROPANOYL}-L-";"unknown"
"NOR01770";"N-(4-{[(2-AMINO-4-OXO-3,4-DIHYDROPTERIDIN-6-YL)METHYL]AMINO}BENZOYL)-L-GAMMA-GLUTAMYL-L-GLUTAMIC ACI";"unknown"
"NOR01771";"D-PHENYLALANYL-N-(PYRIDIN-2-YLMETHYL)-L-PROLINAMIDE";"unknown"
"NOR01772";"(3S,7R,8AR)-2-{(2S)-2-(4,4-DIFLUOROCYCLOHEXYL)-2-[(N-METHYL-L-ALANYL)AMINO]ACETYL}-N-[(4R)-3,4-DIHYD";"unknown"
"NOR01773";"CYCLOSPORIN A, 6 mutation";"unknown"
"NOR01774";"D-PHENYLALANYL-N-[(4-CHLOROPYRIDIN-3-YL)METHYL]-L-PROLINAMIDE";"unknown"
"NOR01775";"N-ACETYL-L-ALPHA-ASPARTYL-L-METHIONINE";"unknown"
"NOR01776";"(3R,3AR,5R,6AR)-3-HYDROXYHEXAHYDRO-2H-CYCLOPENTA[B]FURAN-5-YL [(2S,3R)-3-HYDROXY-4-{[(4-METHOXYPHENY";"unknown"
"NOR01777";"mutant GRAMICIDIN C";"unknown"
"NOR01778";"(2S)-1-[(2R)-2-(BENZYLSULFONYLAMINO)-5-GUANIDINO-PENTANOYL]-N-[(4-CARBAMIMIDOYLPHENYL)METHYL]PYRROLI";"unknown"
"NOR01779";"D-VAL-LEU-LYS-chloromethylketone";"unknown"
"NOR01780";"CYCLOSPORIN A, 7 mutation";"unknown"
"NOR01781";"N~2~-{3-[4-(4-PHENYLTHIOPHEN-2-YL)PHENYL]PROPANOYL}-L-GLUTAMINYL-L-ALPHA-GLUTAMINE";"unknown"
"NOR01782";"3-HYDROXY-N-[(2S,3R)-3-HYDROXY-4-{[(4-METHOXYPHENYL)SULFONYL](2-METHYLPROPYL)AMINO}-1-PHENYLBUTAN-2-";"unknown"
"NOR01783";"desthiazolylmethyloxycarbonyl ritonavir";"unknown"
"NOR01784";"N-[(R)-({[(BENZYLOXY)CARBONYL]AMINO}METHYL)(HYDROXY)PHOSPHORYL]-L-LEUCYLGLYCINE";"unknown"
"NOR01785";"N-(BENZYLSULFONYL)-O-TERT-BUTYL-D-SERYL-N-(4-CARBAMIMIDOYLBENZYL)GLYCINAMIDE";"unknown"
"NOR01786";"Mutant GRAMICIDIN A";"unknown"
"NOR01787";"N-HEXANOYL-L-VALYL-N~1~-[(3S,4S)-3-HYDROXY-2,6-DIMETHYLHEPTAN-4-YL]-N~5~,N~5~-DIMETHYL-L-GLUTAMAMIDE";"unknown"
"NOR01788";"ADEP2";"unknown"
"NOR01789";"(S)-N-((2S,3S,4R,5R)-4-AMINO-3,5-DIHYDROXY-1,6-DIPHENYLHEXAN-2-YL)-3-METHYL-2-(2-PHENOXYACETAMIDO)BU";"unknown"
"NOR01790";"N~2~-[(2R,5S)-5-({(2S,3S)-2-[(N-ACETYL-L-THREONYL)AMINO]-3-METHYLPENT-4-ENOYL}AMINO)-2-BUTYL-4,4-DIH";"unknown"
"NOR01791";"RITONAVIR";"unknown"
"NOR01792";"N-[(S)-({[(BENZYLOXY)CARBONYL]AMINO}METHYL)(HYDROXY)PHOSPHORYL]-L-LEUCYL-L-VALINE";"unknown"
"NOR01793";"N-(TERT-BUTYLCARBAMOYL)-3-METHYL-L-VALYL-(4R)-N-[(1R,2S)-1-CARBOXY-2-ETHENYLCYCLOPROPYL]-4-[(7-METHO";"unknown"
"NOR01794";"D-PHENYLALANYL-N-[(3S)-6-CARBAMIMIDAMIDO-1-CHLORO-2-OXOHEXAN-3-YL]-L-PHENYLALANINAMIDE";"unknown"
"NOR01795";"N-(BENZYLSULFONYL)-D-VALYL-N-[2-(AMINOMETHYL)-5-CHLOROBENZYL]-L-PROLINAMIDE";"unknown"
"NOR01796";"(1R,2S,5S)-N-[(2S,3R)-4-AMINO-1-CYCLOBUTYL-3-HYDROXY-4-OXOBUTAN-2-YL]-6,6-DIMETHYL-3-{3-METHYL-N-[(1";"unknown"
"NOR01797";"N-[(BENZYLOXY)CARBONYL]-L-LEUCYL-N-[(2S)-4-METHYL-1-OXOPENTAN-2-YL]-L-LEUCINAMIDE";"unknown"
"NOR01798";"D-PHENYLALANYL-N-(PYRIDIN-3-YLMETHYL)-L-PROLINAMIDE";"unknown"
"NOR01799";"Pepstatin";"unknown"
"NOR01800";"1,2,4-TRIDEOXY-4-METHYL-2-{[N-(MORPHOLIN-4-YLACETYL)-L-ALANYL-O-METHYL-L-TYROSYL]AMINO}-1-PHENYL-D-X";"unknown"
"NOR01801";"7-AminoActinomycin";"unknown"
"NOR01802";"N-HEXANOYL-L-VALYL-N~1~-[(2R,3S,4S)-1,3-DIHYDROXY-2,6-DIMETHYLHEPTAN-4-YL]-N~5~,N~5~-DIMETHYL-L-GLUT";"unknown"
"NOR01803";"N-(BENZYLSULFONYL)-D-ALANYL-N-(4-CARBAMIMIDOYLBENZYL)-L-PROLINAMIDE";"unknown"
"NOR01804";"N-[(2S,3S)-7-AMINO-1-CHLORO-2-HYDROXYHEPTAN-3-YL]-4-METHYLBENZENESULFONAMIDE (BOUND FORM)";"unknown"
"NOR01805";"Cyclosporin D variant, MSA 7 to MAA";"unknown"
"NOR01806";"N~2~-[(S)-({[(BENZYLOXY)CARBONYL]AMINO}METHYL)(HYDROXY)PHOSPHORYL]-N-(3-METHYLBUTYL)-L-LEUCINAMIDE";"unknown"
"NOR01807";"(3S,8aR)-N-((R)-chroman-4-yl)-2-((S)-2-cyclohexyl-2-((S)-2-(methylamino)propanamido)acetyl)octahydro";"unknown"
"NOR01808";"Quinupristin";"unknown"
"NOR01809";"N-[(2S)-1-HYDROXY-3-PHENYLPROPAN-2-YL]-NALPHA-[(2E)-3-PHENYLPROP-2-ENOYL]-L-PHENYLALANINAMIDE";"unknown"
"NOR01810";"D-PHENYLALANYL-N-[(1-METHYLPYRIDINIUM-2-YL)METHYL]-L-PROLINAMIDE";"unknown"
"NOR01811";"D-PHENYLALANYL-N-[(1-METHYLPYRIDINIUM-4-YL)METHYL]-L-PROLINAMIDE";"unknown"
"NOR01812";"D-PHENYLALANYL-N-[(4-CHLORO-1-METHYLPYRIDINIUM-2-YL)METHYL]-L-PROLINAMIDE";"unknown"
"NOR01813";"N-(4-FLUOROBENZOYL)-L-GAMMA-GLUTAMYL-5-{[(S)-{[(1S)-1,3-DICARBOXYPROPYL]AMINO}(HYDROXY)PHOSPHORYL]OX";"unknown"
"NOR01814";"N-(BENZYLSULFONYL)GLYCYL-N-(4-CARBAMIMIDOYLBENZYL)-L-PROLINAMIDE";"unknown"
"NOR01815";"RXP407";"unknown"
"NOR01816";"N~2~-[(S)-({[(BENZYLOXY)CARBONYL]AMINO}METHYL)(HYDROXY)PHOSPHORYL]-N-(2,2-DIMETHYLPROPYL)-L-LEUCINAM";"unknown"
"NOR01817";"N~4~-(2,2-DIMETHYLPROPYL)-N~1~-{(2S)-1-[(4-METHYLBENZYL)AMINO]-1-OXO-4-PHENYLBUTAN-2-YL}-N~2~-[(5-ME";"unknown"
"NOR01818";"8-Fluoro-Actinomycin D";"unknown"
"NOR01819";"3-[[(2S)-2-[[[(2S)-2-[[(2S)-2-[[(2S)-2-AZANYL-3-(1H-1,2,3,4-TETRAZOL-5-YLCARBONYLAMINO)PROPANOYL]AMI";"unknown"
"NOR01820";"AERUGINOSIN 298-A";"unknown"
"NOR01821";"3-HYDROXY-N-{(2S,3R)-3-HYDROXY-4-[(2-METHYLPROPYL){[5-(1,2-OXAZOL-5-YL)THIOPHEN-2-YL]SULFONYL}AMINO]";"unknown"
"NOR01822";"N-(BENZYLSULFONYL)-3-CYCLOHEXYL-D-ALANYL-N-(4-CARBAMIMIDOYLBENZYL)-L-PROLINAMIDE";"unknown"
"NOR01823";"N-[(2S)-1-({(2S)-1-{[(2R,3S,4S)-1,3-DIHYDROXY-2,6-DIMETHYLHEPTAN-4-YL]AMINO}-4-[(R)-METHYLSULFINYL]-";"unknown"
"NOR01824";"SmBz, cyclosporin A derivative";"unknown"
"NOR01825";"D-PHENYLALANYL-N-[(1-METHYLPYRIDINIUM-3-YL)METHYL]-L-PROLINAMIDE";"unknown"
"NOR01826";"N-(BENZYLSULFONYL)-D-ALANYL-N-[2-(AMINOMETHYL)-5-CHLOROBENZYL]-L-PROLINAMIDE";"unknown"
"NOR01827";"PHQ-Leu-Leu-Leu-vinylsulfone";"unknown"
"NOR01828";"BACILLOMYCIN L-3";"unknown"
"NOR01905";"Quinomycin A";"unknown"
"NOR01906";"prolylfk506";"unknown"
"NOR01907";"ENDURACIDIN";"unknown"
"NOR01908";"enduracididine";"unknown"
"NOR01909";"crystallomycin";"unknown"
"NOR01910";"Pacidamycin 3";"unknown"
"NOR01911";"SANGLIFEHRIN A";"unknown"
"NOR01912";"A1437";"unknown"
"NOR01913";"arylomycin B";"unknown"
"NOR01914";"Netropsin";"unknown"
"NOR01915";"Antramycin";"unknown"
"NOR01916";"mocimycin";"unknown"
"NOR01917";"ARYLOMYCIN A2";"unknown"
"NOR01918";"4-Hydroxyphenylglycine";"unknown"
"NOR01919";"DAPTOMYCIN";"unknown"
"NOR01920";"CARZINOPHILIN";"unknown"
"NOR01921";"HOLOMYCIN";"unknown"
"NOR01922";"MRD A";"unknown"
"NOR01923";"Leinamycin";"unknown"
"NOR01924";"Triostin A";"unknown"
"NOR01925";"Pipecolic acid";"unknown"
"NOR01926";"Pyridomycin";"unknown"
"NOR01927";"Thaxtomine A";"unknown"
"NOR01928";"germicidin";"unknown"
"NOR01929";"Allomycin";"unknown"
"NOR01930";"diaminobutyric acid";"unknown"
"NOR01931";"amphomycin";"unknown"
"NOR01932";"Conagenin";"unknown"
"NOR01933";"Ikarugamycin";"unknown"
"NOR01934";"cinnabaramide A";"unknown"
"NOR01935";"Pacidamycin 4";"unknown"
"NOR01936";"(2S)-2-(2-oxo-butyl)malonyl-CoA";"unknown"
"NOR01937";"decanoic acid";"unknown"
"NOR01938";"aspartocin";"unknown"
"NOR01939";"4-O-demethylbarbamide";"unknown"
"NOR01940";"66513-28-8";"unknown"
"NOR01941";"6-epi-alteramide A";"unknown"
"NOR01942";"6-epi-alteramide B";"unknown"
"NOR01943";"actinoramide A";"unknown"
"NOR01944";"actinoramide B";"unknown"
"NOR01945";"Actinoramide C";"unknown"
"NOR01946";"bleomycin A2";"unknown"
"NOR01947";"calcium dependent antibiotic";"unknown"
"NOR01948";"AGN-PC-0ONX5H";"unknown"
"NOR01949";"(2R)-Ethylmalonyl-CoA";"unknown"
"NOR01950";"Laspartomycin C";"unknown"
"NOR01951";"bleomycin z";"unknown"
"NOR01952";"CHEMBL2011674";"unknown"
"NOR01953";"decanethioic S-acid";"unknown"
"NOR01954";"drimentines F";"unknown"
"NOR01955";"drimentines G";"unknown"
"NOR01956";"gobichelin A";"unknown"
"NOR01957";"gobichelin B";"unknown"
"NOR01958";"Griseoviridin";"unknown"
"NOR01959";"JBIR-34";"unknown"
"NOR01960";"JBIR-35";"unknown"
"NOR01961";"JBIR-39";"unknown"
"NOR01962";"Kitamycin A";"unknown"
"NOR01963";"rakicidin D";"unknown"
"NOR01964";"rapamycin";"unknown"
"NOR01965";"Sansanmycin A";"unknown"
"NOR01966";"Sansanmycin F";"unknown"
"NOR01967";"Sansanmycin G";"unknown"
"NOR01968";"sansanmycin I";"unknown"
"NOR01969";"sansanmycin J";"unknown"
"NOR01970";"sansanmycin K";"unknown"
"NOR01971";"sansanmycin L";"unknown"
"NOR01972";"sansanmycin M";"unknown"
"NOR01973";"sansanmycin N";"unknown"
"NOR01974";"sansanmycin O";"unknown"
"NOR01975";"Skyllamycin B";"unknown"
"NOR01976";"Sohbumycin";"unknown"
"NOR01977";"streptothricin F";"unknown"
"NOR01978";"Tsushimycin";"unknown"
"NOR01979";"Viridogrisein";"unknown"
"NOR01980";"Bananamide D";"bananamide"
"NOR01981";"Bananamide E";"bananamide"
"NOR01982";"Bananamide F";"bananamide"
"NOR01983";"Bananamide G";"bananamide"
"NOR01984";"Jagaricin";"jagaricin"
"NOR01985";"Virginiafactin A";"syringafactin"
"NOR01986";"Virginiafactin B";"syringafactin"
"NOR01987";"Virginiafactin C";"syringafactin"
"NOR01988";"Virginiafactin D";"syringafactin"
"NOR01990";"Entolysin A";"entolysin"
"NOR01991";"Pseudodesmin B";"viscosin"
