SpecFile	LocalSpecIdx	Scan	LocalPeptideIdx	Name	Score	P-Value	PeptideMass	SpectrumMass	Retention	Adduct	Charge
../../var-scoring/gnps_positive_MH_unique/gnps_positive_MH_unique.mgf	5253	5253	2046	Laxaphycin_A_Laxaphycin_A	40	2.6e-77	1195.72	1196.73	-1	M+H	1
../../var-scoring/gnps_positive_MH_unique/gnps_positive_MH_unique.mgf	5111	5111	1133	Barangamides_Barangamide_A	33	1.2e-55	1091.73	1092.74	-1	M+H	1
../../var-scoring/gnps_positive_MH_unique/gnps_positive_MH_unique.mgf	3784	3784	3493	E'Surugamide_B'	31	2.0e-71	897.605	898.62	-1	M+H	1
../../var-scoring/gnps_positive_MH_unique/gnps_positive_MH_unique.mgf	8304	8304	1947	Cyclosporin,_9CI_Cyclosporin_B	31	7.8e-60	1187.83	1188.84	-1	M+H	1
../../var-scoring/gnps_positive_MH_unique/gnps_positive_MH_unique.mgf	1250	1250	2384	Telomycin_Telomycin	31	1.3e-64	1271.55	1272.56	-1	M+H	1
../../var-scoring/gnps_positive_MH_unique/gnps_positive_MH_unique.mgf	3888	3888	4650	theonellapeptolide_VI	31	8.4e-53	1389.92	1390.94	-1	M+H	1
../../var-scoring/gnps_positive_MH_unique/gnps_positive_MH_unique.mgf	6671	6671	3495	E'Surugamide_D'	30	4.0e-68	897.605	898.63	-1	M+H	1
../../var-scoring/gnps_positive_MH_unique/gnps_positive_MH_unique.mgf	185	185	1062	Cyclosporin,_9CI_9-(N-Methyl-L-isoleucine)_analogue	29	3.0e-58	1201.84	1202.85	-1	M+H	1
../../var-scoring/gnps_positive_MH_unique/gnps_positive_MH_unique.mgf	717	717	2080	Cyclosporin,_9CI_Cyclosporin_E	29	1.7e-56	1187.83	1188.83	-1	M+H	1
../../var-scoring/gnps_positive_MH_unique/gnps_positive_MH_unique.mgf	712	712	3493	E'Surugamide_B'	28	1.6e-64	897.605	898.63	-1	M+H	1
../../var-scoring/gnps_positive_MH_unique/gnps_positive_MH_unique.mgf	2250	2250	2417	Puwainaphycin_B_Puwainaphycin_B	27	4.5e-47	1232.74	1233.75	-1	M+H	1
../../var-scoring/gnps_positive_MH_unique/gnps_positive_MH_unique.mgf	11101	11101	1622	Orfamide_A_Orfamide_A	27	1.2e-49	1294.84	1295.84	-1	M+H	1
../../var-scoring/gnps_positive_MH_unique/gnps_positive_MH_unique.mgf	2483	2483	4671	Scytonemin_A	27	2.6e-45	1462.76	1463.78	-1	M+H	1
../../var-scoring/gnps_positive_MH_unique/gnps_positive_MH_unique.mgf	2277	2277	3494	E'Surugamide_C'	27	1.5e-60	897.605	898.63	-1	M+H	1
../../var-scoring/gnps_positive_MH_unique/gnps_positive_MH_unique.mgf	3987	3987	809	Citrusin_VI_Citrusin_VI	26	7.0e-55	794.469	795.478	-1	M+H	1
../../var-scoring/gnps_positive_MH_unique/gnps_positive_MH_unique.mgf	7271	7271	393	Orfamide_A_7-Valine_analogue	26	2.7e-47	1280.82	1281.83	-1	M+H	1
../../var-scoring/gnps_positive_MH_unique/gnps_positive_MH_unique.mgf	5199	5199	355	Orfamide_A_10-N-Deacyl,_10-N-(3-hydroxydodecanoyl)	24	8.8e-43	1266.81	1267.81	-1	M+H	1
../../var-scoring/gnps_positive_MH_unique/gnps_positive_MH_unique.mgf	9344	9344	1749	Talaromin_A_Talaromin_A	23	1.3e-43	763.39	764.398	-1	M+H	1
../../var-scoring/gnps_positive_MH_unique/gnps_positive_MH_unique.mgf	8345	8345	882	Puwainaphycin_C_Puwainaphycin_C	23	6.6e-38	1226.67	1227.69	-1	M+H	1
../../var-scoring/gnps_positive_MH_unique/gnps_positive_MH_unique.mgf	3562	3562	2297	Unguisin_E_Unguisin_E	22	1.8e-39	772.427	773.434	-1	M+H	1
../../var-scoring/gnps_positive_MH_unique/gnps_positive_MH_unique.mgf	3659	3659	4195	hymenamide_K	22	3.4e-49	1006.49	1007.5	-1	M+H	1
../../var-scoring/gnps_positive_MH_unique/gnps_positive_MH_unique.mgf	2287	2287	1614	Bacillopeptin_Bacillopeptin_B	22	2.1e-40	1034.53	1035.54	-1	M+H	1
../../var-scoring/gnps_positive_MH_unique/gnps_positive_MH_unique.mgf	4554	4554	1195	Puwainaphycin_D_Puwainaphycin_D	22	3.2e-35	1224.69	1225.71	-1	M+H	1
../../var-scoring/gnps_positive_MH_unique/gnps_positive_MH_unique.mgf	3190	3190	2220	Aspergillicin_A_Aspergillicin_A	21	2.6e-39	740.411	741.418	-1	M+H	1
../../var-scoring/gnps_positive_MH_unique/gnps_positive_MH_unique.mgf	7188	7188	1101	Putisolvin_I_Putisolvin_I	21	5.7e-49	1379.83	1380.83	-1	M+H	1
../../var-scoring/gnps_positive_MH_unique/gnps_positive_MH_unique.mgf	11166	11166	990	Surfactin_7-L-Valine_analogue	21	5.0e-45	1021.67	1022.68	-1	M+H	1
../../var-scoring/gnps_positive_MH_unique/gnps_positive_MH_unique.mgf	7664	7664	2378	Puwainaphycin_A_Puwainaphycin_A	21	1.9e-34	1234.72	1235.74	-1	M+H	1
../../var-scoring/gnps_positive_MH_unique/gnps_positive_MH_unique.mgf	7840	7840	1092	Majusculamide_C_Majusculamide_C	20	4.2e-36	984.59	985.603	-1	M+H	1
../../var-scoring/gnps_positive_MH_unique/gnps_positive_MH_unique.mgf	4437	4437	1948	Isocyclosporin_D_Isocyclosporin_D	20	5.5e-38	1215.86	1216.86	-1	M+H	1
../../var-scoring/gnps_positive_MH_unique/gnps_positive_MH_unique.mgf	11338	11338	566	Iturin_A_Iturin_A3	19	6.8e-33	1056.56	1057.57	-1	M+H	1
../../var-scoring/gnps_positive_MH_unique/gnps_positive_MH_unique.mgf	6237	6237	3809	Lichenysin-G5b	19	2.4e-42	1020.68	1021.69	-1	M+H	1
../../var-scoring/gnps_positive_MH_unique/gnps_positive_MH_unique.mgf	767	767	3816	Bacillomycin_D2;_Raubitschek_substance	19	1.9e-38	1030.53	1031.54	-1	M+H	1
../../var-scoring/gnps_positive_MH_unique/gnps_positive_MH_unique.mgf	4777	4777	1640	Daitocidin_Pumilacidin_F	19	2.8e-41	1049.7	1050.71	-1	M+H	1
../../var-scoring/gnps_positive_MH_unique/gnps_positive_MH_unique.mgf	5274	5274	72	BK_10_!BK_101C	19	4.9e-39	1034.7	1035.71	-1	M+H	1
../../var-scoring/gnps_positive_MH_unique/gnps_positive_MH_unique.mgf	2546	2546	3936	hymenamide_B	19	6.0e-34	830.396	831.415	-1	M+H	1
../../var-scoring/gnps_positive_MH_unique/gnps_positive_MH_unique.mgf	1058	1058	422	Etamycin_A_Etamycin_A	18	3.4e-37	878.454	879.461	-1	M+H	1
../../var-scoring/gnps_positive_MH_unique/gnps_positive_MH_unique.mgf	10206	10206	1091	Surfactin_Surfactin_C1	18	7.1e-30	1035.68	1036.69	-1	M+H	1
../../var-scoring/gnps_positive_MH_unique/gnps_positive_MH_unique.mgf	3572	3572	3892	hymenamide_C	18	5.2e-38	826.401	827.409	-1	M+H	1
../../var-scoring/gnps_positive_MH_unique/gnps_positive_MH_unique.mgf	8336	8336	4044	phakellistatin_1	18	2.3e-39	827.458	828.465	-1	M+H	1
../../var-scoring/gnps_positive_MH_unique/gnps_positive_MH_unique.mgf	3806	3806	3832	Bacillomycin_D5;_Raubitschek_substance	18	1.1e-37	1058.56	1059.57	-1	M+H	1
../../var-scoring/gnps_positive_MH_unique/gnps_positive_MH_unique.mgf	2762	2762	4672	Heptaibin	18	2.3e-37	1558.88	1559.88	-1	M+H	1
../../var-scoring/gnps_positive_MH_unique/gnps_positive_MH_unique.mgf	10835	10835	3791	Phakellistatin_13	18	5.4e-38	798.406	799.422	-1	M+H	1
../../var-scoring/gnps_positive_MH_unique/gnps_positive_MH_unique.mgf	11239	11239	494	Massetolides_Massetolide_H	18	1.6e-37	1153.72	1154.72	-1	M+H	1
../../var-scoring/gnps_positive_MH_unique/gnps_positive_MH_unique.mgf	7001	7001	4484	Emerimicin_IV;_Stilbellin_II;_Samarospor	17	5.3e-35	1572.89	1573.9	-1	M+H	1
../../var-scoring/gnps_positive_MH_unique/gnps_positive_MH_unique.mgf	7752	7752	3940	axinastatin_3	17	6.6e-37	780.453	781.46	-1	M+H	1
../../var-scoring/gnps_positive_MH_unique/gnps_positive_MH_unique.mgf	6712	6712	4170	hymenamide_H	17	3.7e-35	903.522	904.529	-1	M+H	1
../../var-scoring/gnps_positive_MH_unique/gnps_positive_MH_unique.mgf	10832	10832	747	Xentrivalpeptides_Xentrivalpeptide_N	17	2.7e-32	873.5	874.501	-1	M+H	1
../../var-scoring/gnps_positive_MH_unique/gnps_positive_MH_unique.mgf	11555	11555	4143	Lipopeptide_NO	16	2.3e-33	993.636	994.644	-1	M+H	1
../../var-scoring/gnps_positive_MH_unique/gnps_positive_MH_unique.mgf	2693	2693	3847	pseudoaxinellin	16	1.1e-33	752.422	753.429	-1	M+H	1
../../var-scoring/gnps_positive_MH_unique/gnps_positive_MH_unique.mgf	5280	5280	4152	Pitiprolamide	16	3.7e-29	904.531	905.538	-1	M+H	1
../../var-scoring/gnps_positive_MH_unique/gnps_positive_MH_unique.mgf	8034	8034	3789	Lichenysin_A	16	1.4e-33	1006.67	1007.68	-1	M+H	1
../../var-scoring/gnps_positive_MH_unique/gnps_positive_MH_unique.mgf	4602	4602	3305	Taxillaid_structure_0	16	4.2e-27	807.547	808.549	-1	M+H	1
../../var-scoring/gnps_positive_MH_unique/gnps_positive_MH_unique.mgf	5460	5460	302	Xentrivalpeptides_Xentrivalpeptide_A	16	1.3e-28	859.484	860.487	-1	M+H	1
../../var-scoring/gnps_positive_MH_unique/gnps_positive_MH_unique.mgf	5198	5198	1808	Szentiamide_Szentiamide	16	6.9e-32	837.406	838.409	-1	M+H	1
../../var-scoring/gnps_positive_MH_unique/gnps_positive_MH_unique.mgf	9397	9397	429	Massetolides_Massetolide_F	16	4.0e-32	1125.69	1126.69	-1	M+H	1
../../var-scoring/gnps_positive_MH_unique/gnps_positive_MH_unique.mgf	9376	9376	4102	[Ile2Val7]-Surfactin_C14i_dimethyl_ester	15	1.4e-30	1035.68	1036.69	-1	M+H	1
../../var-scoring/gnps_positive_MH_unique/gnps_positive_MH_unique.mgf	8000	8000	3817	Daitocidin_B2	15	3.7e-30	1063.71	1064.72	-1	M+H	1
../../var-scoring/gnps_positive_MH_unique/gnps_positive_MH_unique.mgf	1702	1702	2757	Bacillus_pumilus_KMM_1364_Lipodepsipeptides_KMM_1364F	15	9.5e-31	1077.73	1078.74	-1	M+H	1
../../var-scoring/gnps_positive_MH_unique/gnps_positive_MH_unique.mgf	4284	4284	2786	Dolastatin_1_15-Epimer,_31-methyl,_11-N-Me	15	1.2e-27	1012.62	1013.63	-1	M+H	1
../../var-scoring/gnps_positive_MH_unique/gnps_positive_MH_unique.mgf	4529	4529	4682	Gramicidin_C;_11-L-Tyrosinegramicidin_A;	15	1.0e-38	1858.05	1859.06	-1	M+H	1
../../var-scoring/gnps_positive_MH_unique/gnps_positive_MH_unique.mgf	5466	5466	4255	Aurantin_II	15	3.0e-30	1254.63	1255.64	-1	M+H	1
../../var-scoring/gnps_positive_MH_unique/gnps_positive_MH_unique.mgf	9465	9465	2033	Schizopeptin_791_Schizopeptin_791	15	3.8e-34	791.458	792.471	-1	M+H	1
../../var-scoring/gnps_positive_MH_unique/gnps_positive_MH_unique.mgf	4466	4466	688	Xentrivalpeptides_Xentrivalpeptide_L	15	1.6e-28	825.5	826.502	-1	M+H	1
../../var-scoring/gnps_positive_MH_unique/gnps_positive_MH_unique.mgf	11122	11122	2220	Aspergillicin_A_Aspergillicin_A	15	9.8e-32	740.411	741.424	-1	M+H	1
../../var-scoring/gnps_positive_MH_unique/gnps_positive_MH_unique.mgf	3976	3976	2326	Tumescenamide_A_Tumescenamide_A	15	5.8e-36	699.421	700.433	-1	M+H	1
../../var-scoring/gnps_positive_MH_unique/gnps_positive_MH_unique.mgf	570	570	2256	Aspergillicin_B_Aspergillicin_B	15	5.7e-33	726.395	727.407	-1	M+H	1
../../var-scoring/gnps_positive_MH_unique/gnps_positive_MH_unique.mgf	6705	6705	3801	Lichenysin-G3	15	4.7e-34	1006.67	1007.67	-1	M+H	1
../../var-scoring/gnps_positive_MH_unique/gnps_positive_MH_unique.mgf	6806	6806	494	Massetolides_Massetolide_H	15	7.7e-30	1153.72	1154.71	-1	M+H	1
../../var-scoring/gnps_positive_MH_unique/gnps_positive_MH_unique.mgf	9598	9598	2146	Pitipeptolide_E_Pitipeptolide_E	14	1.6e-26	793.463	794.471	-1	M+H	1
../../var-scoring/gnps_positive_MH_unique/gnps_positive_MH_unique.mgf	11510	11510	2159	Iturin_A_7-L-Asparagine_analogue	14	1.8e-27	1083.57	1084.58	-1	M+H	1
../../var-scoring/gnps_positive_MH_unique/gnps_positive_MH_unique.mgf	6842	6842	1903	Keramamide_A_Keramamide_A	14	3.5e-32	942.441	943.448	-1	M+H	1
../../var-scoring/gnps_positive_MH_unique/gnps_positive_MH_unique.mgf	5612	5612	3872	Mycosubtilin_III	14	9.7e-23	1084.59	1085.6	-1	M+H	1
../../var-scoring/gnps_positive_MH_unique/gnps_positive_MH_unique.mgf	11215	11215	2419	Cyclosporin,_9CI_Cyclosporin_P	14	3.5e-24	1203.82	1204.83	-1	M+H	1
../../var-scoring/gnps_positive_MH_unique/gnps_positive_MH_unique.mgf	9307	9307	4089	[Ile7]-Surfactin_C14_monomethyl_ester	14	6.2e-29	1035.68	1036.69	-1	M+H	1
../../var-scoring/gnps_positive_MH_unique/gnps_positive_MH_unique.mgf	1587	1587	2715	Bacillus_pumilus_KMM_1364_Lipodepsipeptides_KMM_1364E	14	3.4e-25	1063.71	1064.72	-1	M+H	1
../../var-scoring/gnps_positive_MH_unique/gnps_positive_MH_unique.mgf	11404	11404	4110	[Ile7]-Surfactin_C14i_dimethyl_ester	14	3.9e-24	1049.7	1050.71	-1	M+H	1
../../var-scoring/gnps_positive_MH_unique/gnps_positive_MH_unique.mgf	6321	6321	1640	Daitocidin_Pumilacidin_F	14	2.2e-30	1049.7	1050.71	-1	M+H	1
../../var-scoring/gnps_positive_MH_unique/gnps_positive_MH_unique.mgf	7448	7448	3824	Lichenysin-G8b	14	8.6e-32	1048.71	1049.72	-1	M+H	1
../../var-scoring/gnps_positive_MH_unique/gnps_positive_MH_unique.mgf	7093	7093	4479	Acremostatin_C	14	4.5e-36	1291.91	1292.92	-1	M+H	1
../../var-scoring/gnps_positive_MH_unique/gnps_positive_MH_unique.mgf	9330	9330	669	Iturin_A_Iturin_A6	14	8.5e-29	1070.58	1071.58	-1	M+H	1
../../var-scoring/gnps_positive_MH_unique/gnps_positive_MH_unique.mgf	5763	5763	3787	Peptidolipin_NA	14	1.3e-30	963.662	964.666	-1	M+H	1
../../var-scoring/gnps_positive_MH_unique/gnps_positive_MH_unique.mgf	6225	6225	4097	[Ile2Val7]-Surfactin_C15_dimethyl_ester	14	4.7e-28	1049.7	1050.71	-1	M+H	1
../../var-scoring/gnps_positive_MH_unique/gnps_positive_MH_unique.mgf	9998	9998	516	Cotteslosin_A_Cotteslosin_A	14	1.0e-33	635.332	636.346	-1	M+H	1
../../var-scoring/gnps_positive_MH_unique/gnps_positive_MH_unique.mgf	6353	6353	4522	[8'-Hydroxy-MeBmf]1-cyclosporin	14	6.5e-27	1217.84	1218.85	-1	M+H	1
../../var-scoring/gnps_positive_MH_unique/gnps_positive_MH_unique.mgf	9648	9648	2658	Cyclosporin,_9CI_Cyclosporin_V	14	6.6e-27	1215.86	1216.87	-1	M+H	1
../../var-scoring/gnps_positive_MH_unique/gnps_positive_MH_unique.mgf	5510	5510	4106	[Ile7]-Surfactin_C13ai_dimethyl_ester	14	9.9e-29	1035.68	1036.68	-1	M+H	1
../../var-scoring/gnps_positive_MH_unique/gnps_positive_MH_unique.mgf	1818	1818	1478	Ilamycins_Ilamycin_B2	14	2.2e-34	1027.57	1028.57	-1	M+H	1
../../var-scoring/gnps_positive_MH_unique/gnps_positive_MH_unique.mgf	10357	10357	78	Massetolides_Massetolide_A	14	5.5e-28	1139.71	1140.7	-1	M+H	1
../../var-scoring/gnps_positive_MH_unique/gnps_positive_MH_unique.mgf	7768	7768	1965	Acuminatum_Acuminatum_B	13	5.8e-26	887.537	888.544	-1	M+H	1
../../var-scoring/gnps_positive_MH_unique/gnps_positive_MH_unique.mgf	783	783	3839	stylostatin_1	13	3.1e-26	742.401	743.409	-1	M+H	1
../../var-scoring/gnps_positive_MH_unique/gnps_positive_MH_unique.mgf	10916	10916	2395	Pseudodestruxin_C_Pseudodestruxin_C	13	1.4e-24	669.41	670.417	-1	M+H	1
../../var-scoring/gnps_positive_MH_unique/gnps_positive_MH_unique.mgf	11377	11377	4459	Leucinostatin_A;_CC-1014;_ICI_13959;_M_1	13	3.2e-34	1217.84	1218.84	-1	M+H	1
../../var-scoring/gnps_positive_MH_unique/gnps_positive_MH_unique.mgf	10589	10589	2274	Trichopolyn_Trichopolyn_I	13	2.7e-32	1205.84	1206.85	-1	M+H	1
../../var-scoring/gnps_positive_MH_unique/gnps_positive_MH_unique.mgf	9954	9954	1602	Isaridins_Isaridin_E	12	4.1e-20	655.394	656.402	-1	M+H	1
../../var-scoring/gnps_positive_MH_unique/gnps_positive_MH_unique.mgf	5696	5696	1206	Destruxins_Piperidine_homologue,_4',5'-dihydro,_4'ξ,5'-dihydroxy	12	8.5e-22	625.369	626.376	-1	M+H	1
../../var-scoring/gnps_positive_MH_unique/gnps_positive_MH_unique.mgf	3462	3462	3089	Exumolide_A_Exumolide_A	12	1.0e-25	729.41	730.418	-1	M+H	1
../../var-scoring/gnps_positive_MH_unique/gnps_positive_MH_unique.mgf	11041	11041	546	Destruxins_Piperidine_homologue,_4'ξ,5'-epoxide	12	7.7e-26	607.358	608.368	-1	M+H	1
../../var-scoring/gnps_positive_MH_unique/gnps_positive_MH_unique.mgf	2704	2704	2295	Aspergillicin_E_Aspergillicin_E	12	1.2e-26	754.427	755.432	-1	M+H	1
../../var-scoring/gnps_positive_MH_unique/gnps_positive_MH_unique.mgf	4302	4302	3213	Sansalvamide_A_N9-Me	12	1.6e-26	600.389	601.393	-1	M+H	1
../../var-scoring/gnps_positive_MH_unique/gnps_positive_MH_unique.mgf	3558	3558	1192	Nostopeptolide_A_4'-Epimer	12	2.3e-22	1080.59	1081.59	-1	M+H	1
../../var-scoring/gnps_positive_MH_unique/gnps_positive_MH_unique.mgf	8236	8236	1468	Xentrivalpeptide_Q_Xentrivalpeptide_Q	12	3.2e-23	760.416	761.418	-1	M+H	1
../../var-scoring/gnps_positive_MH_unique/gnps_positive_MH_unique.mgf	11644	11644	2957	Massetolides_Diastereoisomer	12	4.8e-27	1167.74	1168.75	-1	M+H	1
../../var-scoring/gnps_positive_MH_unique/gnps_positive_MH_unique.mgf	6106	6106	2552	Pseudodesmin_A_Pseudodesmin_A	12	4.7e-25	1124.71	1125.72	-1	M+H	1
../../var-scoring/gnps_positive_MH_unique/gnps_positive_MH_unique.mgf	7960	7960	1007	PF_1171A_PF_1171A	12	1.4e-24	654.41	655.41	-1	M+H	1
../../var-scoring/gnps_positive_MH_unique/gnps_positive_MH_unique.mgf	7307	7307	2856	Arenamide_B_Arenamide_B	12	3.7e-25	643.394	644.39	-1	M+H	1
../../var-scoring/gnps_positive_MH_unique/gnps_positive_MH_unique.mgf	5738	5738	856	Actinomycin_D,_8CI,_9CI,_JAN_43β-Oxo	12	4.4e-25	1268.61	1269.63	-1	M+H	1
../../var-scoring/gnps_positive_MH_unique/gnps_positive_MH_unique.mgf	10630	10630	3740	Socein_A	11	3.6e-23	868.376	869.383	-1	M+H	1
../../var-scoring/gnps_positive_MH_unique/gnps_positive_MH_unique.mgf	8104	8104	479	Enniatins_Enniatin_H	11	1.6e-22	653.425	654.434	-1	M+H	1
../../var-scoring/gnps_positive_MH_unique/gnps_positive_MH_unique.mgf	9413	9413	736	Emericellamides_Emericellamide_A	11	3.0e-23	609.41	610.416	-1	M+H	1
../../var-scoring/gnps_positive_MH_unique/gnps_positive_MH_unique.mgf	5307	5307	1206	Destruxins_Piperidine_homologue,_4',5'-dihydro,_4'ξ,5'-dihydroxy	11	6.2e-24	625.369	626.375	-1	M+H	1
../../var-scoring/gnps_positive_MH_unique/gnps_positive_MH_unique.mgf	8758	8758	2668	Destruxins_4',5'-Dihydro,_4'ξ,5'-dihydroxy	11	2.7e-21	611.353	612.36	-1	M+H	1
../../var-scoring/gnps_positive_MH_unique/gnps_positive_MH_unique.mgf	4771	4771	616	JBIR_113_JBIR_113	11	1.5e-25	595.301	596.308	-1	M+H	1
../../var-scoring/gnps_positive_MH_unique/gnps_positive_MH_unique.mgf	7742	7742	1111	Sporidesmolides_Sporidesmolide_I	11	2.9e-23	638.425	639.435	-1	M+H	1
../../var-scoring/gnps_positive_MH_unique/gnps_positive_MH_unique.mgf	1370	1370	4491	Leucinostatin_K;_Paecilotoxin_K	11	1.2e-28	1233.83	1234.84	-1	M+H	1
../../var-scoring/gnps_positive_MH_unique/gnps_positive_MH_unique.mgf	10803	10803	2007	Acuminatum_Acuminatum_C	11	3.0e-21	873.521	874.53	-1	M+H	1
../../var-scoring/gnps_positive_MH_unique/gnps_positive_MH_unique.mgf	10319	10319	4133	Trichorovin-IVb	11	4.7e-21	1160.75	1161.76	-1	M+H	1
../../var-scoring/gnps_positive_MH_unique/gnps_positive_MH_unique.mgf	2030	2030	1965	Acuminatum_Acuminatum_B	11	5.4e-21	887.537	888.547	-1	M+H	1
../../var-scoring/gnps_positive_MH_unique/gnps_positive_MH_unique.mgf	266	266	2914	Enniatins_Enniatin_O1	11	2.4e-27	667.441	668.445	-1	M+H	1
../../var-scoring/gnps_positive_MH_unique/gnps_positive_MH_unique.mgf	615	615	3868	Trikoningin-KB-I	11	1.2e-25	1037.68	1038.69	-1	M+H	1
../../var-scoring/gnps_positive_MH_unique/gnps_positive_MH_unique.mgf	503	503	964	Actinomycin_Au6a_Actinomycin_Au6a	11	3.7e-21	1282.66	1283.67	-1	M+H	1
../../var-scoring/gnps_positive_MH_unique/gnps_positive_MH_unique.mgf	1961	1961	408	Enniatins_Enniatin_J2	11	8.2e-24	625.394	626.404	-1	M+H	1
../../var-scoring/gnps_positive_MH_unique/gnps_positive_MH_unique.mgf	3692	3692	1602	Isaridins_Isaridin_E	11	1.2e-22	655.394	656.399	-1	M+H	1
../../var-scoring/gnps_positive_MH_unique/gnps_positive_MH_unique.mgf	6538	6538	952	Surfactin_Surfactin_B1	11	8.4e-24	1021.67	1022.67	-1	M+H	1
../../var-scoring/gnps_positive_MH_unique/gnps_positive_MH_unique.mgf	977	977	586	Isariins_Isariin_A	11	5.9e-23	637.441	638.441	-1	M+H	1
../../var-scoring/gnps_positive_MH_unique/gnps_positive_MH_unique.mgf	11836	11836	2302	WS_9326A_WS_9326A	11	6.6e-23	1036.49	1037.49	-1	M+H	1
../../var-scoring/gnps_positive_MH_unique/gnps_positive_MH_unique.mgf	6662	6662	2828	Cordyheptapeptide_A_Cordyheptapeptide_A	11	1.1e-25	879.489	880.489	-1	M+H	1
../../var-scoring/gnps_positive_MH_unique/gnps_positive_MH_unique.mgf	8507	8507	216	Destruxins_1-(3S-Methyl-L-proline)_analogue,_4',5'-dihydro,_4'S-hydroxy,_5'-chloro	11	5.3e-23	643.335	644.35	-1	M+H	1
../../var-scoring/gnps_positive_MH_unique/gnps_positive_MH_unique.mgf	3900	3900	3561	WS-7338-A;_BE-18257-A	11	1.2e-25	598.311	599.326	-1	M+H	1
../../var-scoring/gnps_positive_MH_unique/gnps_positive_MH_unique.mgf	10671	10671	2438	Isariins_Isariin_G1	11	1.8e-23	609.41	610.411	-1	M+H	1
../../var-scoring/gnps_positive_MH_unique/gnps_positive_MH_unique.mgf	4972	4972	1893	Emericellamides_Emericellamide_C	10	2.0e-21	595.394	596.402	-1	M+H	1
../../var-scoring/gnps_positive_MH_unique/gnps_positive_MH_unique.mgf	2551	2551	1091	Surfactin_Surfactin_C1	10	4.3e-23	1035.68	1036.69	-1	M+H	1
../../var-scoring/gnps_positive_MH_unique/gnps_positive_MH_unique.mgf	7182	7182	1130	Microcystin_Microcystin_FR	10	2.9e-18	1028.53	1029.54	-1	M+H	1
../../var-scoring/gnps_positive_MH_unique/gnps_positive_MH_unique.mgf	627	627	2182	Enniatins_Enniatin_B1	10	1.4e-17	653.425	654.432	-1	M+H	1
../../var-scoring/gnps_positive_MH_unique/gnps_positive_MH_unique.mgf	1329	1329	1175	Antibiotic_WF_3161_Antibiotic_WF_3161	10	6.8e-20	568.326	569.333	-1	M+H	1
../../var-scoring/gnps_positive_MH_unique/gnps_positive_MH_unique.mgf	10886	10886	48	Isariins_Isariin_D	10	9.8e-22	539.332	540.339	-1	M+H	1
../../var-scoring/gnps_positive_MH_unique/gnps_positive_MH_unique.mgf	267	267	173	Destruxins_Piperidine_homologue,_5'-carboxylic_acid	10	1.5e-20	637.369	638.377	-1	M+H	1
../../var-scoring/gnps_positive_MH_unique/gnps_positive_MH_unique.mgf	497	497	2515	Cyclosporin,_9CI_Cyclosporin_R	10	2.3e-20	1173.81	1174.82	-1	M+H	1
../../var-scoring/gnps_positive_MH_unique/gnps_positive_MH_unique.mgf	326	326	2290	Isariins_Isariin_C2	10	5.4e-21	567.363	568.369	-1	M+H	1
../../var-scoring/gnps_positive_MH_unique/gnps_positive_MH_unique.mgf	10017	10017	3586	Sporidesmolide_IV	10	3.7e-20	652.441	653.45	-1	M+H	1
../../var-scoring/gnps_positive_MH_unique/gnps_positive_MH_unique.mgf	8275	8275	401	Destruxins_Destruxin_A	10	1.1e-18	577.348	578.355	-1	M+H	1
../../var-scoring/gnps_positive_MH_unique/gnps_positive_MH_unique.mgf	11175	11175	771	Scopularide_A_Scopularide_A	10	9.1e-21	671.426	672.437	-1	M+H	1
../../var-scoring/gnps_positive_MH_unique/gnps_positive_MH_unique.mgf	10375	10375	3156	Veraguamide_D_Veraguamide_D	10	3.0e-20	702.457	703.469	-1	M+H	1
../../var-scoring/gnps_positive_MH_unique/gnps_positive_MH_unique.mgf	11137	11137	1008	Enniatins_Enniatin_G	10	9.7e-21	667.441	668.454	-1	M+H	1
../../var-scoring/gnps_positive_MH_unique/gnps_positive_MH_unique.mgf	6723	6723	2395	Pseudodestruxin_C_Pseudodestruxin_C	10	2.1e-21	669.41	670.413	-1	M+H	1
../../var-scoring/gnps_positive_MH_unique/gnps_positive_MH_unique.mgf	1100	1100	3793	Lichenysin-G1a	10	1.2e-24	992.652	993.656	-1	M+H	1
../../var-scoring/gnps_positive_MH_unique/gnps_positive_MH_unique.mgf	862	862	3719	L-Valyl-L-leucyl-L-prolyl-L-valyl-L-prol	10	9.7e-28	651.396	652.4	-1	M+H	1
../../var-scoring/gnps_positive_MH_unique/gnps_positive_MH_unique.mgf	10029	10029	3180	Veraguamide_E_Veraguamide_E	10	2.9e-20	716.472	717.484	-1	M+H	1
../../var-scoring/gnps_positive_MH_unique/gnps_positive_MH_unique.mgf	10904	10904	1307	Bursaphelocide_B_Bursaphelocide_B	10	8.7e-21	607.394	608.406	-1	M+H	1
../../var-scoring/gnps_positive_MH_unique/gnps_positive_MH_unique.mgf	487	487	433	SNA_60-367_SNA_60-367-2	10	2.5e-23	1462.8	1463.8	-1	M+H	1
../../var-scoring/gnps_positive_MH_unique/gnps_positive_MH_unique.mgf	6653	6653	3721	Grividomycin-III;_5-(4-Methylisoleucine)	10	1.2e-23	850.423	851.424	-1	M+H	1
../../var-scoring/gnps_positive_MH_unique/gnps_positive_MH_unique.mgf	2052	2052	124	Cyclosporin,_9CI_N5-De-Me	10	3.2e-19	1173.81	1174.81	-1	M+H	1
../../var-scoring/gnps_positive_MH_unique/gnps_positive_MH_unique.mgf	8689	8689	380	Beauvericins_Beauvericin_D	10	2.3e-21	769.394	770.394	-1	M+H	1
../../var-scoring/gnps_positive_MH_unique/gnps_positive_MH_unique.mgf	11351	11351	4141	Trichorovin-IXb	10	1.5e-23	1174.77	1175.77	-1	M+H	1
../../var-scoring/gnps_positive_MH_unique/gnps_positive_MH_unique.mgf	2788	2788	1862	Veraguamide_A_Debromo,_35,35,36,36-tetrahydro	10	1.2e-20	692.472	693.489	-1	M+H	1
../../var-scoring/gnps_positive_MH_unique/gnps_positive_MH_unique.mgf	3297	3297	1834	Veraguamide_A_Debromo,_35,36-dihydro	10	1.5e-20	690.457	691.473	-1	M+H	1
../../var-scoring/gnps_positive_MH_unique/gnps_positive_MH_unique.mgf	771	771	3578	Desferriferrichrome	10	1.9e-16	687.319	688.315	-1	M+H	1
../../var-scoring/gnps_positive_MH_unique/gnps_positive_MH_unique.mgf	651	651	4127	Trichorovin-VIIb	10	3.7e-23	1160.75	1161.75	-1	M+H	1
../../var-scoring/gnps_positive_MH_unique/gnps_positive_MH_unique.mgf	9187	9187	2416	Hypomurocin_A_Hypomurocin_A5	10	1.4e-23	1188.78	1189.78	-1	M+H	1
../../var-scoring/gnps_positive_MH_unique/gnps_positive_MH_unique.mgf	9666	9666	3734	Emericellamide_B	9	9.4e-19	651.457	652.464	-1	M+H	1
../../var-scoring/gnps_positive_MH_unique/gnps_positive_MH_unique.mgf	3431	3431	1203	Microsporin_B_6'-Ketone	9	7.6e-22	512.3	513.308	-1	M+H	1
../../var-scoring/gnps_positive_MH_unique/gnps_positive_MH_unique.mgf	996	996	4077	[Val7]-Surfactin_C13ai	9	4.9e-22	993.636	994.644	-1	M+H	1
../../var-scoring/gnps_positive_MH_unique/gnps_positive_MH_unique.mgf	6089	6089	532	Actinomycin_C2_Actinomycin_C2	9	1.6e-17	1268.64	1269.65	-1	M+H	1
../../var-scoring/gnps_positive_MH_unique/gnps_positive_MH_unique.mgf	10550	10550	3592	Sporidesmolide_V	9	2.8e-18	666.457	667.463	-1	M+H	1
../../var-scoring/gnps_positive_MH_unique/gnps_positive_MH_unique.mgf	10472	10472	2593	Sansalvamide_A_Sansalvamide_A	9	3.4e-20	586.373	587.379	-1	M+H	1
../../var-scoring/gnps_positive_MH_unique/gnps_positive_MH_unique.mgf	7994	7994	1212	Pitipeptolide_A_7,8-Dihydro	9	8.5e-17	809.494	810.5	-1	M+H	1
../../var-scoring/gnps_positive_MH_unique/gnps_positive_MH_unique.mgf	7698	7698	477	Enniatins_Enniatin_K1	9	1.1e-18	625.394	626.4	-1	M+H	1
../../var-scoring/gnps_positive_MH_unique/gnps_positive_MH_unique.mgf	5431	5431	3094	Hantupeptin_A_7',7',8',8'-Tetrahydro	9	1.1e-18	740.472	741.477	-1	M+H	1
../../var-scoring/gnps_positive_MH_unique/gnps_positive_MH_unique.mgf	5266	5266	187	Kurstakins_Kurstakin_4	9	5.6e-21	905.497	906.508	-1	M+H	1
../../var-scoring/gnps_positive_MH_unique/gnps_positive_MH_unique.mgf	9950	9950	584	GameXPeptide_A_GameXPeptide_A	9	4.8e-17	585.389	586.394	-1	M+H	1
../../var-scoring/gnps_positive_MH_unique/gnps_positive_MH_unique.mgf	9088	9088	189	Etamycin_A_N9-De-Me	9	3.4e-22	864.438	865.443	-1	M+H	1
../../var-scoring/gnps_positive_MH_unique/gnps_positive_MH_unique.mgf	10267	10267	2399	Guineamide_G_Guineamide_G	9	6.5e-20	741.41	742.422	-1	M+H	1
../../var-scoring/gnps_positive_MH_unique/gnps_positive_MH_unique.mgf	4175	4175	2320	Isariins_Isariin_E	9	5.5e-19	553.348	554.359	-1	M+H	1
../../var-scoring/gnps_positive_MH_unique/gnps_positive_MH_unique.mgf	10062	10062	371	Destruxins_Piperidine_homologue	9	2.7e-18	591.363	592.368	-1	M+H	1
../../var-scoring/gnps_positive_MH_unique/gnps_positive_MH_unique.mgf	922	922	1748	Veraguamide_A_Veraguamide_A	9	4.7e-19	766.352	767.365	-1	M+H	1
../../var-scoring/gnps_positive_MH_unique/gnps_positive_MH_unique.mgf	2643	2643	3999	[Ile4]Surfactin	9	4.7e-19	1021.67	1022.67	-1	M+H	1
../../var-scoring/gnps_positive_MH_unique/gnps_positive_MH_unique.mgf	6203	6203	2506	Aselacin_A_9''-Ketone	9	8.8e-20	906.485	907.498	-1	M+H	1
../../var-scoring/gnps_positive_MH_unique/gnps_positive_MH_unique.mgf	897	897	483	Beauvericins_Beauvericin_F	9	1.9e-19	797.425	798.44	-1	M+H	1
../../var-scoring/gnps_positive_MH_unique/gnps_positive_MH_unique.mgf	3712	3712	3838	Bacillomycin_D3;_Raubitschek_substance	9	8.6e-21	1044.55	1045.55	-1	M+H	1
../../var-scoring/gnps_positive_MH_unique/gnps_positive_MH_unique.mgf	3148	3148	1806	Veraguamide_A_Debromo	9	9.9e-20	688.441	689.455	-1	M+H	1
../../var-scoring/gnps_positive_MH_unique/gnps_positive_MH_unique.mgf	10791	10791	2384	Telomycin_Telomycin	9	9.8e-20	1271.55	1272.56	-1	M+H	1
../../var-scoring/gnps_positive_MH_unique/gnps_positive_MH_unique.mgf	4715	4715	375	Enniatins_Enniatin_J1	9	2.5e-18	611.378	612.38	-1	M+H	1
../../var-scoring/gnps_positive_MH_unique/gnps_positive_MH_unique.mgf	1618	1618	4000	Brunsvicamide_B	9	5.5e-20	858.5	859.517	-1	M+H	1
../../var-scoring/gnps_positive_MH_unique/gnps_positive_MH_unique.mgf	8075	8075	932	Actinomycin_D,_8CI,_9CI,_JAN_3α,3β-Bis-L-pipecolic_acid_homologue	9	1.3e-16	1282.66	1283.68	-1	M+H	1
../../var-scoring/gnps_positive_MH_unique/gnps_positive_MH_unique.mgf	2181	2181	4107	Leucinostatin_N	8	8.2e-22	1119.76	1120.77	-1	M+H	1
../../var-scoring/gnps_positive_MH_unique/gnps_positive_MH_unique.mgf	2313	2313	369	Apicidin_Apicidin	8	2.6e-19	623.368	624.377	-1	M+H	1
../../var-scoring/gnps_positive_MH_unique/gnps_positive_MH_unique.mgf	7380	7380	1307	Bursaphelocide_B_Bursaphelocide_B	8	9.6e-19	607.394	608.402	-1	M+H	1
../../var-scoring/gnps_positive_MH_unique/gnps_positive_MH_unique.mgf	3130	3130	4086	[Ile2,Val7]-Surfactin_C14i	8	1.1e-18	1007.65	1008.66	-1	M+H	1
../../var-scoring/gnps_positive_MH_unique/gnps_positive_MH_unique.mgf	5354	5354	220	Halovirs_4'-Deoxy	8	7.1e-21	849.63	850.636	-1	M+H	1
../../var-scoring/gnps_positive_MH_unique/gnps_positive_MH_unique.mgf	8254	8254	1856	Microsporin_B_Microsporin_B	8	1.7e-19	514.316	515.322	-1	M+H	1
../../var-scoring/gnps_positive_MH_unique/gnps_positive_MH_unique.mgf	2792	2792	649	JBIR_114_JBIR_114	8	6.5e-18	581.285	582.292	-1	M+H	1
../../var-scoring/gnps_positive_MH_unique/gnps_positive_MH_unique.mgf	908	908	2011	Apramide_A_Apramide_A	8	1.1e-18	976.582	977.59	-1	M+H	1
../../var-scoring/gnps_positive_MH_unique/gnps_positive_MH_unique.mgf	1822	1822	473	Apicidin_Valine_analogue	8	3.1e-19	609.353	610.362	-1	M+H	1
../../var-scoring/gnps_positive_MH_unique/gnps_positive_MH_unique.mgf	4522	4522	2761	Leucinostatin_D_N9-Oxide	8	4.3e-21	1133.78	1134.79	-1	M+H	1
../../var-scoring/gnps_positive_MH_unique/gnps_positive_MH_unique.mgf	9989	9989	3104	Thalassospiramide_B_Thalassospiramide_B	8	3.9e-18	1061.6	1062.61	-1	M+H	1
../../var-scoring/gnps_positive_MH_unique/gnps_positive_MH_unique.mgf	4018	4018	253	Destruxins_4',5'-Dihydro,_5'-hydroxy,_4'ξ-chloro	8	9.2e-18	629.319	630.325	-1	M+H	1
../../var-scoring/gnps_positive_MH_unique/gnps_positive_MH_unique.mgf	6028	6028	2329	Beauvericins_Beauvericin_B	8	9.0e-17	811.441	812.444	-1	M+H	1
../../var-scoring/gnps_positive_MH_unique/gnps_positive_MH_unique.mgf	6216	6216	998	Pyoverdin_D_Amide	8	8.9e-18	1332.61	1333.61	-1	M+H	1
../../var-scoring/gnps_positive_MH_unique/gnps_positive_MH_unique.mgf	1438	1438	3780	Beauvericin_G2	8	6.9e-17	755.378	756.382	-1	M+H	1
../../var-scoring/gnps_positive_MH_unique/gnps_positive_MH_unique.mgf	719	719	3484	E'Pepsinostreptin'	8	1.1e-21	671.447	672.447	-1	M+H	1
../../var-scoring/gnps_positive_MH_unique/gnps_positive_MH_unique.mgf	7013	7013	2310	Hypomurocin_A_Hypomurocin_A2	8	3.2e-18	1174.77	1175.77	-1	M+H	1
../../var-scoring/gnps_positive_MH_unique/gnps_positive_MH_unique.mgf	11130	11130	1403	Ilamycins_Ilamycin_A	8	6.7e-18	1041.55	1042.55	-1	M+H	1
../../var-scoring/gnps_positive_MH_unique/gnps_positive_MH_unique.mgf	9898	9898	3371	Ahpatinin_C	8	2.0e-16	685.463	686.483	-1	M+H	1
../../var-scoring/gnps_positive_MH_unique/gnps_positive_MH_unique.mgf	823	823	708	Hormonemate_Hormonemate	7	1.2e-16	752.419	753.426	-1	M+H	1
../../var-scoring/gnps_positive_MH_unique/gnps_positive_MH_unique.mgf	5628	5628	494	Massetolides_Massetolide_H	7	2.1e-17	1153.72	1154.73	-1	M+H	1
../../var-scoring/gnps_positive_MH_unique/gnps_positive_MH_unique.mgf	5581	5581	2363	Almiramide_C_7,8-Didehydro	7	1.0e-17	724.489	725.497	-1	M+H	1
../../var-scoring/gnps_positive_MH_unique/gnps_positive_MH_unique.mgf	5213	5213	3593	Pepstatin_B	7	6.6e-19	699.478	700.486	-1	M+H	1
../../var-scoring/gnps_positive_MH_unique/gnps_positive_MH_unique.mgf	3742	3742	3558	WS-7338-D	7	8.1e-18	584.296	585.303	-1	M+H	1
../../var-scoring/gnps_positive_MH_unique/gnps_positive_MH_unique.mgf	2766	2766	1581	Almiramide_C_Almiramide_C	7	4.0e-19	726.504	727.513	-1	M+H	1
../../var-scoring/gnps_positive_MH_unique/gnps_positive_MH_unique.mgf	2496	2496	1654	1-Alaninechlamydocin_1-Alaninechlamydocin	7	9.1e-17	512.263	513.27	-1	M+H	1
../../var-scoring/gnps_positive_MH_unique/gnps_positive_MH_unique.mgf	2477	2477	4127	Trichorovin-VIIb	7	2.1e-17	1160.75	1161.76	-1	M+H	1
../../var-scoring/gnps_positive_MH_unique/gnps_positive_MH_unique.mgf	9496	9496	651	Ornibactin_C4_N5-Deacyl,_N5-(3ξ-hydroxyhexanoyl)	7	6.0e-18	708.365	709.37	-1	M+H	1
../../var-scoring/gnps_positive_MH_unique/gnps_positive_MH_unique.mgf	10520	10520	1440	Ilamycins_Ilamycin_B1	7	3.1e-18	1011.58	1012.59	-1	M+H	1
../../var-scoring/gnps_positive_MH_unique/gnps_positive_MH_unique.mgf	9786	9786	2328	Almiramide_C_7,8-Dihydro,_7-oxo	7	2.1e-17	742.499	743.51	-1	M+H	1
../../var-scoring/gnps_positive_MH_unique/gnps_positive_MH_unique.mgf	7445	7445	587	Ornibactin_C4_N5-Deacyl,_N5-(3ξ-hydroxyoctanoyl)	7	7.7e-18	736.397	737.4	-1	M+H	1
../../var-scoring/gnps_positive_MH_unique/gnps_positive_MH_unique.mgf	11001	11001	2942	Enniatins_Enniatin_M1	7	1.9e-16	683.436	684.439	-1	M+H	1
../../var-scoring/gnps_positive_MH_unique/gnps_positive_MH_unique.mgf	2088	2088	549	Cotteslosin_B_Cotteslosin_B	7	5.2e-17	649.348	650.359	-1	M+H	1
../../var-scoring/gnps_positive_MH_unique/gnps_positive_MH_unique.mgf	4417	4417	1312	Veraguamide_K_Veraguamide_K	7	8.4e-17	812.393	813.407	-1	M+H	1
../../var-scoring/gnps_positive_MH_unique/gnps_positive_MH_unique.mgf	5788	5788	3398	acetyl-pepstatin	7	6.2e-18	643.416	644.431	-1	M+H	1
../../var-scoring/gnps_positive_MH_unique/gnps_positive_MH_unique.mgf	7145	7145	2425	Stendomycin_Stendomycin	7	7.2e-18	1628.03	1629.05	-1	M+H	1
../../var-scoring/gnps_positive_MH_unique/gnps_positive_MH_unique.mgf	4200	4200	4221	RHM_1	6	1.6e-17	1035.73	1036.74	-1	M+H	1
../../var-scoring/gnps_positive_MH_unique/gnps_positive_MH_unique.mgf	6315	6315	4211	RHM_2	6	2.2e-16	1021.72	1022.72	-1	M+H	1
../../var-scoring/gnps_positive_MH_unique/gnps_positive_MH_unique.mgf	10269	10269	933	Actinomycin_D,_8CI,_9CI,_JAN_43βS-Hydroxy	9	4.5e-16	1270.62	1271.63	-1	M+H	1
../../var-scoring/gnps_positive_MH_unique/gnps_positive_MH_unique.mgf	8691	8691	3140	Pleofungin_A_Pleofungin_A	9	3.9e-16	1094.72	1095.73	-1	M+H	1
../../var-scoring/gnps_positive_MH_unique/gnps_positive_MH_unique.mgf	3076	3076	3253	Coibamide_A_Coibamide_A	9	4.5e-16	1286.81	1287.83	-1	M+H	1
../../var-scoring/gnps_positive_MH_unique/gnps_positive_MH_unique.mgf	8245	8245	585	Dolastatin_D_Dolastatin_D	8	5.7e-16	573.341	574.355	-1	M+H	1
../../var-scoring/gnps_positive_MH_unique/gnps_positive_MH_unique.mgf	5225	5225	2360	Tumescenamide_B_Tumescenamide_B	7	3.9e-16	741.468	742.476	-1	M+H	1
../../var-scoring/gnps_positive_MH_unique/gnps_positive_MH_unique.mgf	2076	2076	479	Enniatins_Enniatin_H	7	4.8e-16	653.425	654.428	-1	M+H	1
../../var-scoring/gnps_positive_MH_unique/gnps_positive_MH_unique.mgf	2128	2128	604	Valinomycin_Valinomycin	13	1.1e-15	1110.63	1111.64	-1	M+H	1
../../var-scoring/gnps_positive_MH_unique/gnps_positive_MH_unique.mgf	11099	11099	3584	Malformin-B4	7	9.0e-16	529.239	530.246	-1	M+H	1
../../var-scoring/gnps_positive_MH_unique/gnps_positive_MH_unique.mgf	7319	7319	2477	Dolastatin_15_Dolastatin_15	6	7.4e-16	836.505	837.521	-1	M+H	1
../../var-scoring/gnps_positive_MH_unique/gnps_positive_MH_unique.mgf	65	65	475	Rakicidin_A_Rakicidin_A	7	1.0e-15	606.399	607.41	-1	M+H	1
../../var-scoring/gnps_positive_MH_unique/gnps_positive_MH_unique.mgf	6170	6170	1713	Veraguamide_B_Debromo,_35,35,36,36-tetrahydro	7	8.4e-16	678.457	679.473	-1	M+H	1
../../var-scoring/gnps_positive_MH_unique/gnps_positive_MH_unique.mgf	4253	4253	2671	Dragonamide_A_Dragonamide_A	6	8.2e-16	653.452	654.452	-1	M+H	1
../../var-scoring/gnps_positive_MH_unique/gnps_positive_MH_unique.mgf	10508	10508	2808	Radamycin_Radamycin	9	1.3e-15	1105.27	1106.29	-1	M+H	1
../../var-scoring/gnps_positive_MH_unique/gnps_positive_MH_unique.mgf	7486	7486	1525	Isaridins_Isaridin_C1	7	1.2e-15	669.41	670.413	-1	M+H	1
../../var-scoring/gnps_positive_MH_unique/gnps_positive_MH_unique.mgf	4378	4378	2979	Brunsvicamide_C_Brunsvicamide_C	7	1.4e-15	876.475	877.492	-1	M+H	1
../../var-scoring/gnps_positive_MH_unique/gnps_positive_MH_unique.mgf	962	962	1684	Veraguamide_B_Debromo	7	1.5e-15	674.425	675.442	-1	M+H	1
../../var-scoring/gnps_positive_MH_unique/gnps_positive_MH_unique.mgf	5438	5438	586	Isariins_Isariin_A	8	1.7e-15	637.441	638.44	-1	M+H	1
../../var-scoring/gnps_positive_MH_unique/gnps_positive_MH_unique.mgf	5611	5611	618	Ornibactin_C4_Ornibactin_C4	6	1.6e-15	680.334	681.34	-1	M+H	1
../../var-scoring/gnps_positive_MH_unique/gnps_positive_MH_unique.mgf	7053	7053	2915	Enniatins_Enniatin_L	7	2.4e-15	669.42	670.433	-1	M+H	1
../../var-scoring/gnps_positive_MH_unique/gnps_positive_MH_unique.mgf	6109	6109	1780	Somamide_B_Somamide_B	8	2.7e-15	918.449	919.454	-1	M+H	1
../../var-scoring/gnps_positive_MH_unique/gnps_positive_MH_unique.mgf	7042	7042	4122	Trichorovin-Ia	6	2.9e-15	1146.74	1147.75	-1	M+H	1
../../var-scoring/gnps_positive_MH_unique/gnps_positive_MH_unique.mgf	10406	10406	4395	Trichovirin_I-7A	6	2.7e-15	1427.91	1428.91	-1	M+H	1
../../var-scoring/gnps_positive_MH_unique/gnps_positive_MH_unique.mgf	4739	4739	1008	Enniatins_Enniatin_G	10	3.9e-15	667.441	668.448	-1	M+H	1
../../var-scoring/gnps_positive_MH_unique/gnps_positive_MH_unique.mgf	2348	2348	3055	Kulomoopunalide_2_Kulomoopunalide_2	8	4.0e-15	702.457	703.466	-1	M+H	1
../../var-scoring/gnps_positive_MH_unique/gnps_positive_MH_unique.mgf	11603	11603	61	Majusculamide_D_Majusculamide_D	7	4.7e-15	811.473	812.481	-1	M+H	1
../../var-scoring/gnps_positive_MH_unique/gnps_positive_MH_unique.mgf	7704	7704	2097	Precarriebowmide_S,S-Dioxide	7	6.4e-15	896.472	897.482	-1	M+H	1
../../var-scoring/gnps_positive_MH_unique/gnps_positive_MH_unique.mgf	11680	11680	376	Carmabin_A_Carmabin_A	6	6.2e-15	703.431	704.44	-1	M+H	1
../../var-scoring/gnps_positive_MH_unique/gnps_positive_MH_unique.mgf	1163	1163	2353	Oxachelin_Oxachelin	6	9.0e-15	635.255	636.267	-1	M+H	1
../../var-scoring/gnps_positive_MH_unique/gnps_positive_MH_unique.mgf	6418	6418	1147	Cocosamide_A_Cocosamide_A	7	1.2e-14	743.426	744.436	-1	M+H	1
../../var-scoring/gnps_positive_MH_unique/gnps_positive_MH_unique.mgf	10427	10427	1135	Cyclosporin,_9CI_Cyclosporin_Z	7	1.3e-14	1173.85	1174.85	-1	M+H	1
../../var-scoring/gnps_positive_MH_unique/gnps_positive_MH_unique.mgf	3669	3669	773	Dragonamide_A_2',3'-Didehydro	6	1.3e-14	651.436	652.434	-1	M+H	1
../../var-scoring/gnps_positive_MH_unique/gnps_positive_MH_unique.mgf	7927	7927	123	Pseudodesmin_B_Pseudodesmin_B	6	1.6e-14	1110.69	1111.71	-1	M+H	1
../../var-scoring/gnps_positive_MH_unique/gnps_positive_MH_unique.mgf	8393	8393	2974	Pseudacyclin_A_Pseudacyclin_A	6	1.7e-14	739.463	740.471	-1	M+H	1
../../var-scoring/gnps_positive_MH_unique/gnps_positive_MH_unique.mgf	7262	7262	115	Apramide_A_2'-Demethyl	6	1.9e-14	962.566	963.576	-1	M+H	1
../../var-scoring/gnps_positive_MH_unique/gnps_positive_MH_unique.mgf	8484	8484	719	[D-Asp3,(E)-Dhb7]Microcystin_LR_9'-O-De-Me,_9'-Ac	9	1.9e-14	1008.53	1009.54	-1	M+H	1
../../var-scoring/gnps_positive_MH_unique/gnps_positive_MH_unique.mgf	10614	10614	3239	Carmabin_A_9,9,10,10-Tetrahydro,_9-oxo	6	2.8e-14	721.441	722.446	-1	M+H	1
../../var-scoring/gnps_positive_MH_unique/gnps_positive_MH_unique.mgf	6438	6438	2310	Hypomurocin_A_Hypomurocin_A2	6	3.3e-14	1174.77	1175.78	-1	M+H	1
../../var-scoring/gnps_positive_MH_unique/gnps_positive_MH_unique.mgf	1074	1074	69	Apramide_A_7',8'-Dihydro	6	3.5e-14	978.598	979.613	-1	M+H	1
../../var-scoring/gnps_positive_MH_unique/gnps_positive_MH_unique.mgf	97	97	600	FR_900359_FR_900359	8	5.1e-14	1001.53	1002.53	-1	M+H	1
../../var-scoring/gnps_positive_MH_unique/gnps_positive_MH_unique.mgf	5650	5650	590	Enniatins_Enniatin_MK_1688	7	5.3e-14	681.456	682.466	-1	M+H	1
../../var-scoring/gnps_positive_MH_unique/gnps_positive_MH_unique.mgf	8868	8868	4407	Harzianin_HC-13	6	5.3e-14	1443.91	1444.92	-1	M+H	1
../../var-scoring/gnps_positive_MH_unique/gnps_positive_MH_unique.mgf	9911	9911	3057	Hantupeptin_A_7',8'-Dihydro	7	6.8e-14	738.457	739.462	-1	M+H	1
../../var-scoring/gnps_positive_MH_unique/gnps_positive_MH_unique.mgf	10333	10333	1014	Beauvericins_4'''-Hydroxy	6	8.3e-14	799.404	800.413	-1	M+H	1
../../var-scoring/gnps_positive_MH_unique/gnps_positive_MH_unique.mgf	11158	11158	1282	Bursaphelocide_A_Bursaphelocide_A	9	9.1e-14	593.379	594.386	-1	M+H	1
../../var-scoring/gnps_positive_MH_unique/gnps_positive_MH_unique.mgf	7	7	294	Dragomabin_Dragomabin	6	9.3e-14	661.384	662.394	-1	M+H	1
../../var-scoring/gnps_positive_MH_unique/gnps_positive_MH_unique.mgf	1866	1866	739	Sporidesmolides_N6-De-Me	7	9.7e-14	624.41	625.416	-1	M+H	1
../../var-scoring/gnps_positive_MH_unique/gnps_positive_MH_unique.mgf	3911	3911	2905	Glidobactamine_NThr-(2E,4E-Dodecadienoyl)	6	1.2e-13	520.326	521.332	-1	M+H	1
../../var-scoring/gnps_positive_MH_unique/gnps_positive_MH_unique.mgf	623	623	1603	Enniatins_N,N'-Di-de-Me	6	1.6e-13	611.378	612.393	-1	M+H	1
../../var-scoring/gnps_positive_MH_unique/gnps_positive_MH_unique.mgf	5413	5413	2265	Bassianolide_Bassianolide	7	1.6e-13	908.609	909.614	-1	M+H	1
../../var-scoring/gnps_positive_MH_unique/gnps_positive_MH_unique.mgf	9630	9630	1062	Cyclosporin,_9CI_9-(N-Methyl-L-isoleucine)_analogue	9	2.1e-13	1201.84	1202.85	-1	M+H	1
../../var-scoring/gnps_positive_MH_unique/gnps_positive_MH_unique.mgf	4513	4513	4064	E-Dehydroapratoxin_A	6	3.0e-13	821.476	822.482	-1	M+H	1
../../var-scoring/gnps_positive_MH_unique/gnps_positive_MH_unique.mgf	987	987	2362	Hantupeptin_A_Hantupeptin_A	7	3.3e-13	736.441	737.447	-1	M+H	1
../../var-scoring/gnps_positive_MH_unique/gnps_positive_MH_unique.mgf	971	971	2918	Mozamide_A_Deoxy	6	4.0e-13	844.485	845.502	-1	M+H	1
../../var-scoring/gnps_positive_MH_unique/gnps_positive_MH_unique.mgf	1082	1082	659	Antibiotic_WIN_66306_Antibiotic_WIN_66306	6	4.9e-13	800.386	801.402	-1	M+H	1
../../var-scoring/gnps_positive_MH_unique/gnps_positive_MH_unique.mgf	7231	7231	492	Symplostatin_2_Symplostatin_2	6	5.8e-13	1050.51	1051.51	-1	M+H	1
../../var-scoring/gnps_positive_MH_unique/gnps_positive_MH_unique.mgf	11413	11413	3548	Protodestruxin	6	7.2e-13	579.363	580.368	-1	M+H	1
../../var-scoring/gnps_positive_MH_unique/gnps_positive_MH_unique.mgf	8739	8739	412	Antibiotic_WIN_68577_Antibiotic_WIN_68577	8	1.2e-12	732.323	733.33	-1	M+H	1
../../var-scoring/gnps_positive_MH_unique/gnps_positive_MH_unique.mgf	2020	2020	472	Destruxins_NVal-De-Me	6	1.3e-12	563.332	564.341	-1	M+H	1
../../var-scoring/gnps_positive_MH_unique/gnps_positive_MH_unique.mgf	2400	2400	325	Versicotide_A_Versicotide_A	6	2.3e-12	479.217	480.22	-1	M+H	1
../../var-scoring/gnps_positive_MH_unique/gnps_positive_MH_unique.mgf	10420	10420	511	Rakicidin_B_Rakicidin_B	6	3.2e-12	620.415	621.422	-1	M+H	1
../../var-scoring/gnps_positive_MH_unique/gnps_positive_MH_unique.mgf	10525	10525	979	Destruxins_2-Valine_analogue,_5'-carboxylic_acid	7	2.3e-11	609.337	610.335	-1	M+H	1
../../var-scoring/gnps_positive_MH_unique/gnps_positive_MH_unique.mgf	1139	1139	659	Antibiotic_WIN_66306_Antibiotic_WIN_66306	7	5.9e-11	800.386	801.393	-1	M+H	1
../../var-scoring/gnps_positive_MH_unique/gnps_positive_MH_unique.mgf	5933	5933	712	Bacillibactin_Bacillibactin	6	7.6e-11	882.256	883.265	-1	M+H	1
../../var-scoring/gnps_positive_MH_unique/gnps_positive_MH_unique.mgf	10278	10278	78	Massetolides_Massetolide_A	7	1.2e-09	1139.71	1140.72	-1	M+H	1
../../var-scoring/gnps_positive_MH_unique/gnps_positive_MH_unique.mgf	7535	7535	3223	Cyclolinopeptide_E_S-Oxide	6	1.2e-09	992.541	993.536	-1	M+H	1
../../var-scoring/gnps_positive_MH_unique/gnps_positive_MH_unique.mgf	5554	5554	3858	Monamycin-Ca	6	3.0e-09	689.411	690.421	-1	M+H	1
../../var-scoring/gnps_positive_MH_unique/gnps_positive_MH_unique.mgf	7265	7265	2020	Daptomycin,_BAN,_INN,_USAN_Daptomycin,_BAN,_INN,_USAN	6	3.0e-09	1619.71	1620.72	-1	M+H	1
../../var-scoring/gnps_positive_MH_unique/gnps_positive_MH_unique.mgf	8209	8209	299	Enniatins_Enniatin_A	6	2.2e-08	681.456	682.464	-1	M+H	1
../../var-scoring/gnps_positive_MH_unique/gnps_positive_MH_unique.mgf	242	242	1804	Enniatins_Enniatin_B	6	2.2e-08	639.409	640.416	-1	M+H	1
../../var-scoring/gnps_positive_MH_unique/gnps_positive_MH_unique.mgf	9627	9627	327	Astin_J_Astin_J	5	1.0e+00	515.238	516.245	-1	M+H	1
../../var-scoring/gnps_positive_MH_unique/gnps_positive_MH_unique.mgf	5543	5543	872	Salinamide_E_Salinamide_E	5	1.0e+00	854.443	855.45	-1	M+H	1
../../var-scoring/gnps_positive_MH_unique/gnps_positive_MH_unique.mgf	10814	10814	510	Apicidin_Pyrrolidine_analogue	5	1.0e+00	609.353	610.36	-1	M+H	1
../../var-scoring/gnps_positive_MH_unique/gnps_positive_MH_unique.mgf	1467	1467	147	Halovirs_Halovir_A	5	1.0e+00	865.625	866.633	-1	M+H	1
../../var-scoring/gnps_positive_MH_unique/gnps_positive_MH_unique.mgf	652	652	4392	Harzianin_HC-15	5	1.0e+00	1427.91	1428.92	-1	M+H	1
../../var-scoring/gnps_positive_MH_unique/gnps_positive_MH_unique.mgf	11298	11298	1077	Dragonamide_B_Dragonamide_B	5	1.0e+00	605.452	606.46	-1	M+H	1
../../var-scoring/gnps_positive_MH_unique/gnps_positive_MH_unique.mgf	5328	5328	3632	versicoloritide_A	5	1.0e+00	559.279	560.289	-1	M+H	1
../../var-scoring/gnps_positive_MH_unique/gnps_positive_MH_unique.mgf	9063	9063	2063	Dolastatin_10_Homologue_(R_=_CH3)	5	1.0e+00	798.508	799.518	-1	M+H	1
../../var-scoring/gnps_positive_MH_unique/gnps_positive_MH_unique.mgf	2825	2825	391	Massetolides_Massetolide_E	5	1.0e+00	1111.67	1112.68	-1	M+H	1
../../var-scoring/gnps_positive_MH_unique/gnps_positive_MH_unique.mgf	7375	7375	1683	Prexenocoumacin_A_N2''-Deacyl,_N2''-(4-phenylbutanoyl)	5	1.0e+00	725.375	726.379	-1	M+H	1
../../var-scoring/gnps_positive_MH_unique/gnps_positive_MH_unique.mgf	6181	6181	1549	Prexenocoumacin_A_N2''-Deacyl,_N2''-octanoyl	5	1.0e+00	705.406	706.41	-1	M+H	1
../../var-scoring/gnps_positive_MH_unique/gnps_positive_MH_unique.mgf	2786	2786	3976	Stenothricin_component_III	5	1.0e+00	1159.62	1160.62	-1	M+H	1
../../var-scoring/gnps_positive_MH_unique/gnps_positive_MH_unique.mgf	8198	8198	1494	SP-Chymostatin_B_1-Alcohol	5	1.0e+00	597.327	598.34	-1	M+H	1
../../var-scoring/gnps_positive_MH_unique/gnps_positive_MH_unique.mgf	10376	10376	4125	Trichorovin-IIb	5	1.0e+00	1146.74	1147.74	-1	M+H	1
../../var-scoring/gnps_positive_MH_unique/gnps_positive_MH_unique.mgf	77	77	1109	Chymostatin_1'-Alcohol	5	1.0e+00	595.312	596.315	-1	M+H	1
../../var-scoring/gnps_positive_MH_unique/gnps_positive_MH_unique.mgf	4686	4686	4706	SPF-5506-A4	5	1.0e+00	1443.91	1444.91	-1	M+H	1
../../var-scoring/gnps_positive_MH_unique/gnps_positive_MH_unique.mgf	561	561	4208	RHM3	5	1.0e+00	1007.7	1008.7	-1	M+H	1
../../var-scoring/gnps_positive_MH_unique/gnps_positive_MH_unique.mgf	1599	1599	1314	Octavalinomycin_Octavalinomycin	5	1.0e+00	740.421	741.42	-1	M+H	1
../../var-scoring/gnps_positive_MH_unique/gnps_positive_MH_unique.mgf	6754	6754	4397	Trichovirin_I-3C	5	1.0e+00	1429.89	1430.89	-1	M+H	1
../../var-scoring/gnps_positive_MH_unique/gnps_positive_MH_unique.mgf	3060	3060	2238	Hypomurocin_A_Hypomurocin_A1	5	1.0e+00	1160.75	1161.77	-1	M+H	1
../../var-scoring/gnps_positive_MH_unique/gnps_positive_MH_unique.mgf	1140	1140	2361	Dolastatin_10_Dolastatin_10	5	1.0e+00	784.492	785.513	-1	M+H	1
../../var-scoring/gnps_positive_MH_unique/gnps_positive_MH_unique.mgf	2741	2741	2096	Daitocidin_Daitocidin_A1	5	1.0e+00	881.511	882.506	-1	M+H	1
../../var-scoring/gnps_positive_MH_unique/gnps_positive_MH_unique.mgf	4764	4764	1160	Microcystin_Microcystin_LA	4	1.0e+00	909.485	910.492	-1	M+H	1
../../var-scoring/gnps_positive_MH_unique/gnps_positive_MH_unique.mgf	1696	1696	1685	Ahpatinin_F_Ahpatinin_F	4	1.0e+00	719.447	720.454	-1	M+H	1
../../var-scoring/gnps_positive_MH_unique/gnps_positive_MH_unique.mgf	10885	10885	1737	Aspochracin_N2-Deacyl,_N2-(6S*,7R*-dihydroxy-2E,4E-octadienoyl)	4	1.0e+00	466.279	467.286	-1	M+H	1
../../var-scoring/gnps_positive_MH_unique/gnps_positive_MH_unique.mgf	8062	8062	3310	Xenotetrapeptide_structure_0	4	1.0e+00	410.289	411.296	-1	M+H	1
../../var-scoring/gnps_positive_MH_unique/gnps_positive_MH_unique.mgf	10042	10042	1441	Quinomycin_A_Quinomycin_A	4	1.0e+00	1100.42	1101.43	-1	M+H	1
../../var-scoring/gnps_positive_MH_unique/gnps_positive_MH_unique.mgf	1960	1960	1300	Rakicidin_D_Rakicidin_D	4	1.0e+00	494.274	495.28	-1	M+H	1
../../var-scoring/gnps_positive_MH_unique/gnps_positive_MH_unique.mgf	183	183	1473	[D-Asp3,(E)-Dhb7]Microcystin_LR_[D-Asp3,(E)-Dhb7]Microcystin_LR	4	1.0e+00	980.533	981.54	-1	M+H	1
../../var-scoring/gnps_positive_MH_unique/gnps_positive_MH_unique.mgf	10002	10002	2215	Amonabactin_P_750_Amonabactin_P_750	4	1.0e+00	750.322	751.328	-1	M+H	1
../../var-scoring/gnps_positive_MH_unique/gnps_positive_MH_unique.mgf	11577	11577	2377	Hypomurocin_A_Hypomurocin_A4	4	1.0e+00	1174.77	1175.78	-1	M+H	1
../../var-scoring/gnps_positive_MH_unique/gnps_positive_MH_unique.mgf	3029	3029	1894	Enterobactin_Enterobactin	4	1.0e+00	669.144	670.164	-1	M+H	1
../../var-scoring/gnps_positive_MH_unique/gnps_positive_MH_unique.mgf	3666	3666	3673	Gramicidin-J;_Gramicidin-J1	4	1.0e+00	831.501	832.526	-1	M+H	1
../../var-scoring/gnps_positive_MH_unique/gnps_positive_MH_unique.mgf	5613	5613	3797	hymenamide_F	4	1.0e+00	764.437	765.426	-1	M+H	1
../../var-scoring/gnps_positive_MH_unique/gnps_positive_MH_unique.mgf	6887	6887	136	Beauveriolide_I_3-D-Alloisoleucine_analogue	3	1.0e+00	487.305	488.312	-1	M+H	1
../../var-scoring/gnps_positive_MH_unique/gnps_positive_MH_unique.mgf	8565	8565	30	Microcystin_Microcystin_LF	3	1.0e+00	985.516	986.523	-1	M+H	1
../../var-scoring/gnps_positive_MH_unique/gnps_positive_MH_unique.mgf	3499	3499	2895	Mulundocandin_Mulundocandin	3	1.0e+00	1007.54	1008.55	-1	M+H	1
../../var-scoring/gnps_positive_MH_unique/gnps_positive_MH_unique.mgf	7502	7502	2228	Kapakahine_B_Kapakahine_B	3	1.0e+00	848.401	849.408	-1	M+H	1
../../var-scoring/gnps_positive_MH_unique/gnps_positive_MH_unique.mgf	6762	6762	2980	Bottromycin_Bottromycin_C2	3	1.0e+00	836.462	837.469	-1	M+H	1
../../var-scoring/gnps_positive_MH_unique/gnps_positive_MH_unique.mgf	8087	8087	2969	Astin_Astin_C	3	1.0e+00	569.181	570.188	-1	M+H	1
../../var-scoring/gnps_positive_MH_unique/gnps_positive_MH_unique.mgf	2172	2172	682	Ulongamide_D_Ulongamide_D	3	1.0e+00	671.335	672.342	-1	M+H	1
../../var-scoring/gnps_positive_MH_unique/gnps_positive_MH_unique.mgf	10295	10295	3920	Stenothricin_component_II	3	1.0e+00	1103.55	1104.56	-1	M+H	1
../../var-scoring/gnps_positive_MH_unique/gnps_positive_MH_unique.mgf	10524	10524	945	Myxochromide_S_Myxochromide_S1	3	1.0e+00	722.4	723.408	-1	M+H	1
../../var-scoring/gnps_positive_MH_unique/gnps_positive_MH_unique.mgf	4877	4877	1351	Aspochracin_N12-De-Me	3	1.0e+00	418.258	419.265	-1	M+H	1
../../var-scoring/gnps_positive_MH_unique/gnps_positive_MH_unique.mgf	4991	4991	1218	Bouvardin_6'S-Acetoxy,_5'-deoxy,_6''-O-β-D-glucopyranoside	3	1.0e+00	976.407	977.414	-1	M+H	1
../../var-scoring/gnps_positive_MH_unique/gnps_positive_MH_unique.mgf	11798	11798	962	Pyoverdin_D_Pyoverdin_D	3	1.0e+00	1333.59	1334.6	-1	M+H	1
../../var-scoring/gnps_positive_MH_unique/gnps_positive_MH_unique.mgf	11123	11123	2562	Beauveriolide_VIII_Beauveriolide_VIII	3	1.0e+00	467.336	468.341	-1	M+H	1
../../var-scoring/gnps_positive_MH_unique/gnps_positive_MH_unique.mgf	11356	11356	4336	Aculeacin_A	3	1.0e+00	1035.57	1036.58	-1	M+H	1
../../var-scoring/gnps_positive_MH_unique/gnps_positive_MH_unique.mgf	8031	8031	1082	Coprogen_Coprogen	3	1.0e+00	768.391	769.4	-1	M+H	1
../../var-scoring/gnps_positive_MH_unique/gnps_positive_MH_unique.mgf	4121	4121	189	Etamycin_A_N9-De-Me	3	1.0e+00	864.438	865.442	-1	M+H	1
../../var-scoring/gnps_positive_MH_unique/gnps_positive_MH_unique.mgf	11182	11182	2058	Serinocyclin_A_Serinocyclin_A	3	1.0e+00	672.308	673.319	-1	M+H	1
../../var-scoring/gnps_positive_MH_unique/gnps_positive_MH_unique.mgf	3131	3131	295	Prexenocoumacin_A_Prexenocoumacin_A	3	1.0e+00	691.39	692.395	-1	M+H	1
../../var-scoring/gnps_positive_MH_unique/gnps_positive_MH_unique.mgf	3284	3284	3411	E'vinaceuline'	3	1.0e+00	422.195	423.2	-1	M+H	1
../../var-scoring/gnps_positive_MH_unique/gnps_positive_MH_unique.mgf	10170	10170	1641	Salinamide_A_Salinamide_A	3	1.0e+00	1019.49	1020.49	-1	M+H	1
../../var-scoring/gnps_positive_MH_unique/gnps_positive_MH_unique.mgf	2972	2972	1702	HC_Toxin_I_HC_Toxin_I	3	1.0e+00	436.232	437.235	-1	M+H	1
../../var-scoring/gnps_positive_MH_unique/gnps_positive_MH_unique.mgf	1558	1558	2718	Leucinostatin_D_N-De-Me	3	1.0e+00	1103.77	1104.77	-1	M+H	1
../../var-scoring/gnps_positive_MH_unique/gnps_positive_MH_unique.mgf	5088	5088	2499	Coprogen_N5'-Deacyl,_N5'-Ac	3	1.0e+00	698.349	699.35	-1	M+H	1
../../var-scoring/gnps_positive_MH_unique/gnps_positive_MH_unique.mgf	1192	1192	1706	Raocyclamide_A_Raocyclamide_A	3	1.0e+00	550.2	551.197	-1	M+H	1
../../var-scoring/gnps_positive_MH_unique/gnps_positive_MH_unique.mgf	2011	2011	1929	Viequeamide_A_Viequeamide_A	3	1.0e+00	803.504	804.502	-1	M+H	1
../../var-scoring/gnps_positive_MH_unique/gnps_positive_MH_unique.mgf	6322	6322	3918	prepatellamide-B-formate	3	1.0e+00	822.319	823.315	-1	M+H	1
../../var-scoring/gnps_positive_MH_unique/gnps_positive_MH_unique.mgf	11506	11506	232	Microcystin_Microcystin_LY	3	1.0e+00	1001.51	1002.53	-1	M+H	1
../../var-scoring/gnps_positive_MH_unique/gnps_positive_MH_unique.mgf	5229	5229	2508	Tunicyclin_D_Tunicyclin_D	3	1.0e+00	900.461	901.479	-1	M+H	1
../../var-scoring/gnps_positive_MH_unique/gnps_positive_MH_unique.mgf	1720	1720	795	N-β-Alanyltyrosine_Z-β-Ala-Tyr-OMe	3	1.0e+00	400.163	401.159	-1	M+H	1
../../var-scoring/gnps_positive_MH_unique/gnps_positive_MH_unique.mgf	5875	5875	1871	Hoiamide_A_Hoiamide_A	3	1.0e+00	925.436	926.458	-1	M+H	1
../../var-scoring/gnps_positive_MH_unique/gnps_positive_MH_unique.mgf	10506	10506	3149	HC_Toxin_I_3''β-Hydroxy	3	1.0e+00	452.227	453.25	-1	M+H	1
../../var-scoring/gnps_positive_MH_unique/gnps_positive_MH_unique.mgf	10036	10036	3509	Trichogin	3	1.0e+00	443.176	444.202	-1	M+H	1
