VisualizationID	SpecFile	LocalSpecIdx	Scan	LocalPeptideIdx	Name	Score	P-Value	PeptideMass	SpectrumMass	Retention	Adduct	Charge	SMILES
None	../../var-scoring/gnps_positive_MH_unique/gnps_positive_MH_unique.mgf	5253	5253	2046	Laxaphycin_A_Laxaphycin_A	40	2.6e-77	1195.72	1196.73	-1	M+H	1	CCCCCC1CC(=O)NC(CCO)C(=O)NC(=CC)C(=O)N2CC(CC2C(=O)NC(CCO)C(=O)NC(Cc2ccccc2)C(=O)NC(CC(C)C)C(=O)NC(C(C)CC)C(=O)NC(C(C)CC)C(=O)NC(CC(C)C)C(=O)NCC(=O)N1)O
None	../../var-scoring/gnps_positive_MH_unique/gnps_positive_MH_unique.mgf	3784	3784	3493	E'Surugamide_B'	31	2.0e-71	897.605	898.62	-1	M+H	1	NCCCC[C@H]1NC(=O)[C@H](NC(=O)[C@@H](NC(=O)[C@@H](C)NC(=O)[C@@H](NC(=O)[C@H](NC(=O)[C@H](NC(=O)[C@H](NC1=O)[C@H](CC)C)Cc1ccccc1)CC(C)C)[C@H](CC)C)[C@H](CC)C)C(C)C
None	../../var-scoring/gnps_positive_MH_unique/gnps_positive_MH_unique.mgf	6671	6671	3495	E'Surugamide_D'	30	4.0e-68	897.605	898.63	-1	M+H	1	NCCCC[C@H]1NC(=O)[C@H](NC(=O)[C@@H](NC(=O)[C@@H](C)NC(=O)[C@@H](NC(=O)[C@H](NC(=O)[C@H](NC(=O)[C@H](NC1=O)[C@H](CC)C)Cc1ccccc1)CC(C)C)[C@H](CC)C)C(C)C)[C@@H](CC)C
None	../../var-scoring/gnps_positive_MH_unique/gnps_positive_MH_unique.mgf	1250	1250	2384	Telomycin_Telomycin	31	1.3e-64	1271.55	1272.56	-1	M+H	1	CC(C)C(C1C(=O)N2CCC(C2C(=O)OC(C)C(C(=O)NC(C(C)O)C(=O)NC(C)C(=O)NCC(=O)N2CCC(C2C(=O)NC(=Cc2c[nH]c3ccccc23)C(=O)NC(C(C)c2c[nH]c3ccccc23)C(=O)N1)O)NC(=O)C(CO)NC(=O)CC(C(=O)O)N)O)O
None	../../var-scoring/gnps_positive_MH_unique/gnps_positive_MH_unique.mgf	2277	2277	3494	E'Surugamide_C'	27	1.5e-60	897.605	898.63	-1	M+H	1	NCCCC[C@@H]1NC(=O)[C@H](NC(=O)[C@@H](NC(=O)[C@@H](C)NC(=O)[C@@H](NC(=O)[C@H](NC(=O)[C@H](NC(=O)[C@H](NC1=O)C(C)C)Cc1ccccc1)CC(C)C)[C@H](CC)C)[C@H](CC)C)[C@@H](CC)C
None	../../var-scoring/gnps_positive_MH_unique/gnps_positive_MH_unique.mgf	8304	8304	1947	Cyclosporin,_9CI_Cyclosporin_B	31	7.8e-60	1187.83	1188.84	-1	M+H	1	CC=CCC(C)C(C1C(=O)NC(C)C(=O)N(C)CC(=O)N(C)C(CC(C)C)C(=O)NC(C(C)C)C(=O)N(C)C(CC(C)C)C(=O)NC(C)C(=O)NC(C)C(=O)N(C)C(CC(C)C)C(=O)N(C)C(CC(C)C)C(=O)N(C)C(C(C)C)C(=O)N1C)O
None	../../var-scoring/gnps_positive_MH_unique/gnps_positive_MH_unique.mgf	185	185	1062	Cyclosporin,_9CI_9-(N-Methyl-L-isoleucine)_analogue	29	3.0e-58	1201.84	1202.85	-1	M+H	1	CC=CCC(C)C(C1C(=O)NC(CC)C(=O)N(C)CC(=O)N(C)C(C(C)CC)C(=O)NC(C(C)C)C(=O)N(C)C(CC(C)C)C(=O)NC(C)C(=O)NC(C)C(=O)N(C)C(CC(C)C)C(=O)N(C)C(CC(C)C)C(=O)N(C)C(C(C)C)C(=O)N1C)O
None	../../var-scoring/gnps_positive_MH_unique/gnps_positive_MH_unique.mgf	717	717	2080	Cyclosporin,_9CI_Cyclosporin_E	29	1.7e-56	1187.83	1188.83	-1	M+H	1	CC=CCC(C)C(C1C(=O)NC(CC)C(=O)N(C)CC(=O)N(C)C(CC(C)C)C(=O)NC(C(C)C)C(=O)N(C)C(CC(C)C)C(=O)NC(C)C(=O)NC(C)C(=O)N(C)C(CC(C)C)C(=O)N(C)C(CC(C)C)C(=O)NC(C(C)C)C(=O)N1C)O
None	../../var-scoring/gnps_positive_MH_unique/gnps_positive_MH_unique.mgf	5111	5111	1133	Barangamides_Barangamide_A	33	1.2e-55	1091.73	1092.74	-1	M+H	1	CCC(C)C1C(=O)N(C)C(C(C)C)C(=O)NC(C)C(=O)NCCC(=O)NC(CC(C)C)C(=O)N(C)C(C(C)CC)C(=O)NC(C(C)O)C(=O)NCCC(=O)NC(CC(C)C)C(=O)N(C)C(C(C)CC)C(=O)NCCC(=O)N1
None	../../var-scoring/gnps_positive_MH_unique/gnps_positive_MH_unique.mgf	3987	3987	809	Citrusin_VI_Citrusin_VI	26	7.0e-55	794.469	795.478	-1	M+H	1	CC(C)CC1C(=O)NC(CC(C)C)C(=O)NC(CC(C)C)C(=O)N2CCCC2C(=O)N2CCCC2C(=O)NC(Cc2ccccc2)C(=O)NCC(=O)NCC(=O)N1
None	../../var-scoring/gnps_positive_MH_unique/gnps_positive_MH_unique.mgf	3888	3888	4650	theonellapeptolide_VI	31	8.4e-53	1389.92	1390.94	-1	M+H	1	CC[C@@H]([C@H]1C(=O)N(CCC(=O)N[C@@H](C(=O)N[C@@H](C(=O)N[C@H](C(=O)NCCC(=O)N[C@H](CC(C)C)C(=O)N(C)[C@H]([C@@H](C)CC)C(=O)O[C@H](C)[C@@H](C(=O)NCCC(=O)N[C@@H](C(=O)N1C)CC(C)C)NC(=O)[C@@H](CC(C)C)N(C(=O)[C@@H](NC(=O)COC)C(C)C)C)C)C(C)C)[C@H](CC)C)C)C
None	../../var-scoring/gnps_positive_MH_unique/gnps_positive_MH_unique.mgf	11101	11101	1622	Orfamide_A_Orfamide_A	27	1.2e-49	1294.84	1295.84	-1	M+H	1	CCCCCCCCCCCC(CC(=O)NC(CC(C)C)C(=O)NC(CCC(=O)O)C(=O)NC1C(C)OC(=O)C(C(C)C)NC(=O)C(CO)NC(=O)C(CC(C)C)NC(=O)C(CC(C)C)NC(=O)C(CO)NC(=O)C(CC(C)C)NC(=O)C(C(C)CC)NC1=O)O
None	../../var-scoring/gnps_positive_MH_unique/gnps_positive_MH_unique.mgf	3659	3659	4195	hymenamide_K	22	3.4e-49	1006.49	1007.5	-1	M+H	1	[C@@H]1(C(=O)N[C@H](C(=O)N2[C@H](C(=O)N[C@@H](Cc3ccc(cc3)O)C(=O)N[C@@H](CC(=O)O)C(=O)N[C@@H](Cc3ccccc3)C(=O)N[C@H](C(=O)N[C@H](C(=O)N1)CCCCN)Cc1c3c([nH]c1)cccc3)CCC2)C(C)C)C
None	../../var-scoring/gnps_positive_MH_unique/gnps_positive_MH_unique.mgf	7188	7188	1101	Putisolvin_I_Putisolvin_I	21	5.7e-49	1379.83	1380.83	-1	M+H	1	CCCCCC(=O)NC(CC(C)C)C(=O)NC(CCC(=O)O)C(=O)NC(CC(C)C)C(=O)NC(C(C)CC)C(=O)NC(CCC(=N)O)C(=O)NC(CO)C(=O)NC(C(C)C)C(=O)NC(C(C)CC)C(=O)NC1COC(=O)C(CO)NC(=O)C(C(C)C)NC(=O)C(CC(C)C)NC1=O
None	../../var-scoring/gnps_positive_MH_unique/gnps_positive_MH_unique.mgf	7271	7271	393	Orfamide_A_7-Valine_analogue	26	2.7e-47	1280.82	1281.83	-1	M+H	1	CCCCCCCCCCCC(CC(=O)NC(CC(C)C)C(=O)NC(CCC(=O)O)C(=O)NC1C(C)OC(=O)C(C(C)C)NC(=O)C(CO)NC(=O)C(CC(C)C)NC(=O)C(CC(C)C)NC(=O)C(CO)NC(=O)C(CC(C)C)NC(=O)C(C(C)C)NC1=O)O
None	../../var-scoring/gnps_positive_MH_unique/gnps_positive_MH_unique.mgf	2250	2250	2417	Puwainaphycin_B_Puwainaphycin_B	27	4.5e-47	1232.74	1233.75	-1	M+H	1	CCCCC(=O)CCCCCCCCCC(C)C1C(C(=O)NC(C(C)C)C(=O)NC(=CC)C(=O)NC(C(C)O)C(=O)NC(C(C)C)C(=O)NC(CCC(=N)O)C(=O)NCC(=O)NC(C(C)OC)C(=O)N(C)C(CC(=N)O)C(=O)N2CCCC2C(=O)N1)O
None	../../var-scoring/gnps_positive_MH_unique/gnps_positive_MH_unique.mgf	2483	2483	4671	Scytonemin_A	27	2.6e-45	1462.76	1463.78	-1	M+H	1	N12C(=O)[C@H]3N(C(=O)CNC(=O)[C@H](NC(=O)[C@H]([C@H](NC(=O)[C@H]4N(C(=O)C(NC(=O)CNC(=O)C(NC(=O)C(NC(=O)C(NC(=O)[C@@H]1C([C@H](C2)O)C)CC(C)C)CCO)Cc1ccccc1)[C@H](C(C)C)O)CC[C@@H]4C)C[C@@H](OC(=O)[C@@H](NC(=O)C)C)CCCC(Cc1ccccc1)O)O)CO)C[C@@H]([C@@H]3C)O
None	../../var-scoring/gnps_positive_MH_unique/gnps_positive_MH_unique.mgf	11166	11166	990	Surfactin_7-L-Valine_analogue	21	5.0e-45	1021.67	1022.68	-1	M+H	1	CC(C)CCCCCCCCCC1CC(=O)NC(CCC(=O)O)C(=O)NC(CC(C)C)C(=O)NC(CC(C)C)C(=O)NC(C(C)C)C(=O)NC(CC(=O)O)C(=O)NC(CC(C)C)C(=O)NC(C(C)C)C(=O)O1
None	../../var-scoring/gnps_positive_MH_unique/gnps_positive_MH_unique.mgf	9344	9344	1749	Talaromin_A_Talaromin_A	23	1.3e-43	763.39	764.398	-1	M+H	1	CCC(C)C1C(=O)N2CCCC2C(=O)Nc2ccccc2C(=O)NC(C(C)C)C(=O)NC(Cc2ccc(cc2)O)C(=O)NC(C(C)O)C(=O)NC(C)C(=O)N1
None	../../var-scoring/gnps_positive_MH_unique/gnps_positive_MH_unique.mgf	5199	5199	355	Orfamide_A_10-N-Deacyl,_10-N-(3-hydroxydodecanoyl)	24	8.8e-43	1266.81	1267.81	-1	M+H	1	CCCCCCCCCC(CC(=O)NC(CC(C)C)C(=O)NC(CCC(=O)O)C(=O)NC1C(C)OC(=O)C(C(C)C)NC(=O)C(CO)NC(=O)C(CC(C)C)NC(=O)C(CC(C)C)NC(=O)C(CO)NC(=O)C(CC(C)C)NC(=O)C(C(C)CC)NC1=O)O
None	../../var-scoring/gnps_positive_MH_unique/gnps_positive_MH_unique.mgf	6237	6237	3809	Lichenysin-G5b	19	2.4e-42	1020.68	1021.69	-1	M+H	1	N1C(=O)C(NC(=O)C(NC(=O)C(NC(=O)C(NC(=O)C(NC(=O)C(NC(=O)CC(OC(=O)C1C(C)C)CCCCCCCCC(CC)C)CCC(=O)N)CC(C)C)CC(C)C)C(C)C)CC(=O)O)CC(C)C
None	../../var-scoring/gnps_positive_MH_unique/gnps_positive_MH_unique.mgf	4777	4777	1640	Daitocidin_Pumilacidin_F	19	2.8e-41	1049.7	1050.71	-1	M+H	1	CC(C)CCCCCCCCCCC1CC(=O)NC(CCC(=O)O)C(=O)NC(CC(C)C)C(=O)NC(CC(C)C)C(=O)NC(CC(C)C)C(=O)NC(CC(=O)O)C(=O)NC(CC(C)C)C(=O)NC(C(C)C)C(=O)O1
None	../../var-scoring/gnps_positive_MH_unique/gnps_positive_MH_unique.mgf	2287	2287	1614	Bacillopeptin_Bacillopeptin_B	22	2.1e-40	1034.53	1035.54	-1	M+H	1	CC(C)CCCCCCCCCC1CC(=O)NC(CC(=N)O)C(=O)NC(Cc2ccc(cc2)O)C(=O)NC(CC(=N)O)C(=O)NC(CO)C(=O)NC(CCC(=O)O)C(=O)NC(CO)C(=O)NC(C(C)O)C(=O)N1
None	../../var-scoring/gnps_positive_MH_unique/gnps_positive_MH_unique.mgf	3562	3562	2297	Unguisin_E_Unguisin_E	22	1.8e-39	772.427	773.434	-1	M+H	1	CC(C)C1C(=O)NC(C)C(=O)NC(Cc2c[nH]c3ccccc23)C(=O)NCCCC(=O)NC(C)C(=O)NC(C(C)C)C(=O)NC(C(C)c2ccccc2)C(=O)N1
None	../../var-scoring/gnps_positive_MH_unique/gnps_positive_MH_unique.mgf	8336	8336	4044	phakellistatin_1	18	2.3e-39	827.458	828.465	-1	M+H	1	[C@@H]1(C(=O)N[C@H](C(=O)N2[C@@H](CCC2)C(=O)N[C@@H](Cc2ccc(cc2)O)C(=O)N2[C@H](C(=O)N[C@H](C(=O)N3[C@H](C(=O)N1)CCC3)[C@H](CC)C)CCC2)Cc1ccccc1)[C@@H](C)CC
None	../../var-scoring/gnps_positive_MH_unique/gnps_positive_MH_unique.mgf	3190	3190	2220	Aspergillicin_A_Aspergillicin_A	21	2.6e-39	740.411	741.418	-1	M+H	1	CCC(C)C1C(=O)N2CCCC2C(=O)N2CCCC2C(=O)N(C)C(Cc2ccc(cc2)OC)C(=O)NC(C(C)C)C(=O)OC(C)C(C(=O)N1)NC(=O)C
None	../../var-scoring/gnps_positive_MH_unique/gnps_positive_MH_unique.mgf	5274	5274	72	BK_10_!BK_101C	19	4.9e-39	1034.7	1035.71	-1	M+H	1	CCC(C)C1C(=O)OC(CCCCCCCCCC(C)C)CC(=O)NC(CCC(=N)O)C(=O)NC(CC(C)C)C(=O)NC(CC(C)C)C(=O)NC(C(C)C)C(=O)NC(CC(=O)O)C(=O)NC(CC(C)C)C(=O)N1
None	../../var-scoring/gnps_positive_MH_unique/gnps_positive_MH_unique.mgf	4529	4529	4682	Gramicidin_C;_11-L-Tyrosinegramicidin_A;	15	1.0e-38	1858.05	1859.06	-1	M+H	1	C(=O)(NC(C(=O)NC(C(=O)NC(C(=O)NC(C(=O)NC(C(=O)NC(C(=O)NC(C(=O)NC(C(=O)NC(C(=O)NCCO)Cc1c[nH]c2c1cccc2)CC(C)C)Cc1c[nH]c2c1cccc2)CC(C)C)Cc1ccc(cc1)O)CC(C)C)Cc1c[nH]c2c1cccc2)C(C)C)C(C)C)C(NC(=O)C(NC(=O)C(NC(=O)C(NC(=O)CNC(=O)C(NC=O)C(C)C)C)CC(C)C)C)C(C)C
None	../../var-scoring/gnps_positive_MH_unique/gnps_positive_MH_unique.mgf	767	767	3816	Bacillomycin_D2;_Raubitschek_substance	19	1.9e-38	1030.53	1031.54	-1	M+H	1	N12C(=O)C(NC(=O)C(NC(=O)C(NC(=O)CC(NC(=O)C(NC(=O)C(NC(=O)C(NC(=O)C1CCC2)CCC(=O)O)CO)C(O)C)CCCCCCCCCCC)CC(=O)N)Cc1ccc(cc1)O)CC(=O)N
None	../../var-scoring/gnps_positive_MH_unique/gnps_positive_MH_unique.mgf	3572	3572	3892	hymenamide_C	18	5.2e-38	826.401	827.409	-1	M+H	1	[C@@H]1(C(=O)N[C@H](C(=O)N[C@H](C(=O)N2[C@H](C(=O)N[C@H](C(=O)NCC(=O)N3[C@H](C(=O)N1)CCC3)Cc1ccccc1)CCC2)Cc1c[nH]c2c1cccc2)CC(C)C)CCC(=O)O
None	../../var-scoring/gnps_positive_MH_unique/gnps_positive_MH_unique.mgf	10835	10835	3791	Phakellistatin_13	18	5.4e-38	798.406	799.422	-1	M+H	1	N12C(=O)C(NC(=O)C(NC(=O)[C@@H](NC(=O)[C@H]3N(C(=O)CNC(=O)[C@@H](NC(=O)[C@@H]1CCC2)Cc1ccccc1)CCC3)C(O)C)CC(C)C)Cc1c[nH]c2c1cccc2
None	../../var-scoring/gnps_positive_MH_unique/gnps_positive_MH_unique.mgf	4437	4437	1948	Isocyclosporin_D_Isocyclosporin_D	20	5.5e-38	1215.86	1216.86	-1	M+H	1	CC=CCC(C)C1C(C(=O)NC(C(C)C)C(=O)N(C)CC(=O)N(C)C(CC(C)C)C(=O)NC(C(C)C)C(=O)N(C)C(CC(C)C)C(=O)NC(C)C(=O)NC(C)C(=O)N(C)C(CC(C)C)C(=O)N(C)C(CC(C)C)C(=O)N(C)C(C(C)C)C(=O)O1)NC
None	../../var-scoring/gnps_positive_MH_unique/gnps_positive_MH_unique.mgf	8345	8345	882	Puwainaphycin_C_Puwainaphycin_C	23	6.6e-38	1226.67	1227.69	-1	M+H	1	CCC(CCCCCCCCCC(C)C1C(C(=O)NC(C(C)C)C(=O)NC(=CC)C(=O)NC(C(C)O)C(=O)NC(C(C)O)C(=O)NC(CCC(=N)O)C(=O)NCC(=O)NC(C(C)OC)C(=O)N(C)C(CC(=N)O)C(=O)N2CCCC2C(=O)N1)O)Cl
None	../../var-scoring/gnps_positive_MH_unique/gnps_positive_MH_unique.mgf	3806	3806	3832	Bacillomycin_D5;_Raubitschek_substance	18	1.1e-37	1058.56	1059.57	-1	M+H	1	N12C(=O)C(NC(=O)C(NC(=O)C(NC(=O)CC(NC(=O)C(NC(=O)C(NC(=O)C(NC(=O)C1CCC2)CCC(=O)O)CO)C(O)C)CCCCCCCCCCCCC)CC(=O)N)Cc1ccc(cc1)O)CC(=O)N
None	../../var-scoring/gnps_positive_MH_unique/gnps_positive_MH_unique.mgf	11239	11239	494	Massetolides_Massetolide_H	18	1.6e-37	1153.72	1154.72	-1	M+H	1	CCCCCCCCCC(CC(=O)NC(CC(C)C)C(=O)NC(CCC(=O)O)C(=O)NC1C(C)OC(=O)C(C(C)CC)NC(=O)C(CO)NC(=O)C(CC(C)C)NC(=O)C(CO)NC(=O)C(CC(C)C)NC(=O)C(C(C)C)NC1=O)O
None	../../var-scoring/gnps_positive_MH_unique/gnps_positive_MH_unique.mgf	2762	2762	4672	Heptaibin	18	2.3e-37	1558.88	1559.88	-1	M+H	1	N1(C(=O)C(NC(=O)C(NC(=O)C(NC(=O)CNC(=O)C(NC(=O)C(NC(=O)C(NC(=O)C(NC(=O)[C@@H](NC(=O)C)Cc2ccccc2)(C)C)(C)C)(C)C)C(C)C)CC(C)C)(C)C)(C)C)[C@H](C(=O)N[C@H](C(=O)NC(C(=O)N2[C@H](C(=O)NC(C(=O)N[C@@H](Cc3ccccc3)CO)(C)C)C[C@H](C2)O)(C)C)CCC(=O)N)C[C@H](C1)O
None	../../var-scoring/gnps_positive_MH_unique/gnps_positive_MH_unique.mgf	1058	1058	422	Etamycin_A_Etamycin_A	18	3.4e-37	878.454	879.461	-1	M+H	1	CC(C)CC1C(=O)N2CC(CC2C(=O)N(C)CC(=O)N(C)C(C(C)C(C)C)C(=O)NC(C)C(=O)N(C)C(c2ccccc2)C(=O)OC(C)C(C(=O)N1)NC(=O)c1c(cccn1)O)O
None	../../var-scoring/gnps_positive_MH_unique/gnps_positive_MH_unique.mgf	7752	7752	3940	axinastatin_3	17	6.6e-37	780.453	781.46	-1	M+H	1	C1(=O)[C@H](C(C)C)NC(=O)[C@@H]2CCCN2C(=O)[C@@H](NC(=O)[C@@H](NC(=O)[C@@H](NC(=O)[C@H]2N(C(=O)[C@@H](N1)CC(=O)N)CCC2)Cc1ccccc1)[C@H](CC)C)CC(C)C
None	../../var-scoring/gnps_positive_MH_unique/gnps_positive_MH_unique.mgf	7840	7840	1092	Majusculamide_C_Majusculamide_C	20	4.2e-36	984.59	985.603	-1	M+H	1	CCC(C)C1C(=O)NCC(=O)N(C)C(C(C)C)C(=O)N(C)C(Cc2ccc(cc2)OC)C(=O)NC(C)C(=O)C(C)(C)C(=O)NC(C)C(=O)NC(CC)C(C)C(=O)OC(C(C)CC)C(=O)NCC(=O)N1C
None	../../var-scoring/gnps_positive_MH_unique/gnps_positive_MH_unique.mgf	7093	7093	4479	Acremostatin_C	14	4.5e-36	1291.91	1292.92	-1	M+H	1	N1(C(=O)C(CCCCCCCC)C)[C@H](C(=O)N[C@H](C(=O)N[C@H](C(=O)NC(C(=O)N[C@H](C(=O)N[C@H](C(=O)NC(C(=O)NC(C(=O)NCCC(=O)N[C@H](C[N+]([O-])(C)C)C)(C)C)(C)C)CC(C)C)CC(C)C)(C)C)[C@@H](C(C)C)O)C[C@@H](C[C@@H](CC(=O)CC)O)C)C[C@@H](C1)C
None	../../var-scoring/gnps_positive_MH_unique/gnps_positive_MH_unique.mgf	3976	3976	2326	Tumescenamide_A_Tumescenamide_A	15	5.8e-36	699.421	700.433	-1	M+H	1	CCCC(C)CC(C)C(=O)NC1C(C)OC(=O)C(=CC)NC(=O)C(Cc2ccc(cc2)O)NC(=O)C(C(C)C)NC(=O)C(CC(C)C)NC1=O
None	../../var-scoring/gnps_positive_MH_unique/gnps_positive_MH_unique.mgf	4554	4554	1195	Puwainaphycin_D_Puwainaphycin_D	22	3.2e-35	1224.69	1225.71	-1	M+H	1	CCC(CCCCCCCCCC(C)C1C(C(=O)NC(C(C)C)C(=O)NC(=CC)C(=O)NC(C(C)C)C(=O)NC(C(C)O)C(=O)NC(CCC(=N)O)C(=O)NCC(=O)NC(C(C)OC)C(=O)N(C)C(CC(=N)O)C(=O)N2CCCC2C(=O)N1)O)Cl
None	../../var-scoring/gnps_positive_MH_unique/gnps_positive_MH_unique.mgf	6712	6712	4170	hymenamide_H	17	3.7e-35	903.522	904.529	-1	M+H	1	[C@@H]1(C(=O)N[C@H](C(=O)N2[C@H](C(=O)N[C@@H](CC(C)C)C(=O)N[C@@H]([C@H](O)C)C(=O)N3[C@H](C(=O)N[C@H](C(=O)N4[C@H](C(=O)N1)CCC4)CC(C)C)CCC3)CCC2)C(C)C)Cc1c2c([nH]c1)cccc2
None	../../var-scoring/gnps_positive_MH_unique/gnps_positive_MH_unique.mgf	7001	7001	4484	Emerimicin_IV;_Stilbellin_II;_Samarospor	17	5.3e-35	1572.89	1573.9	-1	M+H	1	N1(C(=O)C(NC(=O)C(NC(=O)C(NC(=O)CNC(=O)C(NC(=O)C(NC(=O)C(NC(=O)C(NC(=O)C(NC(=O)C)Cc2ccccc2)(C)C)(C)C)(C)C)C(C)C)CC(C)C)(C)C)(C)C)C(C(=O)NC(C(=O)NC(C(=O)N2C(C(=O)NC(C(=O)NC(Cc3ccccc3)CO)(C)C)CC(C2)O)(CC)C)CCC(=O)N)CC(C1)O
None	../../var-scoring/gnps_positive_MH_unique/gnps_positive_MH_unique.mgf	7664	7664	2378	Puwainaphycin_A_Puwainaphycin_A	21	1.9e-34	1234.72	1235.74	-1	M+H	1	CCCCC(=O)CCCCCCCCCC(C)C1C(C(=O)NC(C(C)C)C(=O)NC(=CC)C(=O)NC(C(C)O)C(=O)NC(C(C)O)C(=O)NC(CCC(=N)O)C(=O)NCC(=O)NC(C(C)OC)C(=O)N(C)C(CC(=N)O)C(=O)N2CCCC2C(=O)N1)O
None	../../var-scoring/gnps_positive_MH_unique/gnps_positive_MH_unique.mgf	1818	1818	1478	Ilamycins_Ilamycin_B2	14	2.2e-34	1027.57	1028.57	-1	M+H	1	CC=CCC1C(=O)NC(Cc2cn(c3ccccc23)C(C)(C)C2CO2)C(=O)N(C)C(CC(C)C)C(=O)NC(Cc2ccc(c(c2)N(=O)=O)O)C(=O)NC(C)C(=O)N(C)C(CC(C)C)C(=O)NC(CC(C)C)C(=O)N1
None	../../var-scoring/gnps_positive_MH_unique/gnps_positive_MH_unique.mgf	11377	11377	4459	Leucinostatin_A;_CC-1014;_ICI_13959;_M_1	13	3.2e-34	1217.84	1218.84	-1	M+H	1	N1([C@H](C(=O)N[C@@H](C(=O)N[C@H](C(=O)NC(C(=O)N[C@H](C(=O)N[C@@H](C(=O)NC(C(=O)NC(C(=O)NCCC(=O)N[C@H](CN(C)C)C)(C)C)(C)C)CC(C)C)CC(C)C)(C)C)[C@@H](C(C)C)O)C[C@@H](CC(CC(=O)CC)O)C)C[C@@H](C1)C)C(=O)/C=C/[C@@H](CC)C
None	../../var-scoring/gnps_positive_MH_unique/gnps_positive_MH_unique.mgf	9465	9465	2033	Schizopeptin_791_Schizopeptin_791	15	3.8e-34	791.458	792.471	-1	M+H	1	CCC(C)C1C(=O)NC(CCc2ccccc2)C(=O)N(C)C(C)C(=O)NC(Cc2ccccc2)C(=O)NCCCCC(C(=O)N1)NC(=O)NC(C(C)CC)C(=O)O
None	../../var-scoring/gnps_positive_MH_unique/gnps_positive_MH_unique.mgf	6705	6705	3801	Lichenysin-G3	15	4.7e-34	1006.67	1007.67	-1	M+H	1	N1C(=O)C(NC(=O)C(NC(=O)C(NC(=O)C(NC(=O)C(NC(=O)C(NC(=O)CC(OC(=O)C1C(C)C)CCCCCCCCC(C)C)CCC(=O)N)CC(C)C)CC(C)C)C(C)C)CC(=O)O)CC(C)C
None	../../var-scoring/gnps_positive_MH_unique/gnps_positive_MH_unique.mgf	2546	2546	3936	hymenamide_B	19	6.0e-34	830.396	831.415	-1	M+H	1	[C@H]1(NC(=O)[C@@H](NC(=O)[C@@H](NC(=O)[C@@H](NC(=O)[C@H]2N(C(=O)[C@H]3N(C(=O)[C@@H](NC1=O)Cc1ccccc1)CCC3)CCC2)CC(=O)N)Cc1ccccc1)C(C)C)CCC(=O)O
None	../../var-scoring/gnps_positive_MH_unique/gnps_positive_MH_unique.mgf	9998	9998	516	Cotteslosin_A_Cotteslosin_A	14	1.0e-33	635.332	636.346	-1	M+H	1	CC(C)C1C(=O)NC(C(C)C)C(=O)N(C)C(Cc2ccc(cc2)O)C(=O)NC(Cc2ccc(cc2)O)C(=O)N2CCCC2C(=O)N1
None	../../var-scoring/gnps_positive_MH_unique/gnps_positive_MH_unique.mgf	2693	2693	3847	pseudoaxinellin	16	1.1e-33	752.422	753.429	-1	M+H	1	N1[C@H](C(=O)N[C@H](C(=O)N2[C@@H](CCC2)C(=O)N[C@H](C(=O)N[C@H](C(=O)N2[C@@H](CCC2)C(=O)N[C@H](C1=O)Cc1ccccc1)CC(=O)N)C(C)C)C(C)C)C(C)C
None	../../var-scoring/gnps_positive_MH_unique/gnps_positive_MH_unique.mgf	8034	8034	3789	Lichenysin_A	16	1.4e-33	1006.67	1007.68	-1	M+H	1	N1C(=O)C(NC(=O)C(NC(=O)C(NC(=O)C(NC(=O)C(NC(=O)C(NC(=O)CC(OC(=O)C1C(CC)C)CCCCCCCCCC)CCC(=O)N)CC(C)C)CC(C)C)C(C)C)CC(=O)O)CC(C)C
None	../../var-scoring/gnps_positive_MH_unique/gnps_positive_MH_unique.mgf	11555	11555	4143	Lipopeptide_NO	16	2.3e-33	993.636	994.644	-1	M+H	1	N1C(=O)[C@@H](NC(=O)[C@@H](NC(=O)[C@@H](NC(=O)CC(OC(=O)[C@@H](NC(=O)[C@@H](NC(=O)[C@@H](NC(=O)[C@@H]1C(C)C)CC(=O)O)CC(C)C)CC(C)C)CCCCCCC(C)C)CCC(=O)O)CC(C)C)CC(C)C
None	../../var-scoring/gnps_positive_MH_unique/gnps_positive_MH_unique.mgf	570	570	2256	Aspergillicin_B_Aspergillicin_B	15	5.7e-33	726.395	727.407	-1	M+H	1	CCCC1C(=O)N2CCCC2C(=O)N2CCCC2C(=O)N(C)C(Cc2ccc(cc2)OC)C(=O)NC(C(C)C)C(=O)OC(C)C(C(=O)N1)NC(=O)C
None	../../var-scoring/gnps_positive_MH_unique/gnps_positive_MH_unique.mgf	11338	11338	566	Iturin_A_Iturin_A3	19	6.8e-33	1056.56	1057.57	-1	M+H	1	CCC(C)CCCCCCCCC1CC(=O)NC(CC(=N)O)C(=O)NC(Cc2ccc(cc2)O)C(=O)NC(CC(=N)O)C(=O)NC(CCC(=N)O)C(=O)N2CCCC2C(=O)NC(CC(=N)O)C(=O)NC(CO)C(=O)N1
None	../../var-scoring/gnps_positive_MH_unique/gnps_positive_MH_unique.mgf	10832	10832	747	Xentrivalpeptides_Xentrivalpeptide_N	17	2.7e-32	873.5	874.501	-1	M+H	1	CCC(C)C1C(=O)OC(C)C(C(=O)NC(Cc2ccccc2)C(=O)N2CCCC2C(=O)NC(C(C)C)C(=O)NC(C(C)C)C(=O)N1)NC(=O)C(C(C)C)NC(=O)Cc1ccccc1
None	../../var-scoring/gnps_positive_MH_unique/gnps_positive_MH_unique.mgf	10589	10589	2274	Trichopolyn_Trichopolyn_I	13	2.7e-32	1205.84	1206.85	-1	M+H	1	CCCCCCCCC(C)C(=O)N1CCCC1C(=O)NC(CC(C)CC(CC(=O)CC)O)C(=O)NC(C)C(=O)NC(C)(C)C(=O)NC(C)(C)C(=O)NC(C(C)CC)C(=O)NC(C)C(=O)NC(C)(C)C(=O)NCC(C)C(=O)NC(C)CN(C)CCO
None	../../var-scoring/gnps_positive_MH_unique/gnps_positive_MH_unique.mgf	6842	6842	1903	Keramamide_A_Keramamide_A	14	3.5e-32	942.441	943.448	-1	M+H	1	CC(C)CC1C(=O)NC(CC(C)C)C(=O)N(C)C(Cc2c[nH]c3cc(c(cc23)O)Cl)C(=O)NC(Cc2ccccc2)C(=O)NCCCCC(C(=O)N1)NC(=O)NC(Cc1ccccc1)C(=O)O
None	../../var-scoring/gnps_positive_MH_unique/gnps_positive_MH_unique.mgf	9397	9397	429	Massetolides_Massetolide_F	16	4.0e-32	1125.69	1126.69	-1	M+H	1	CCCCCCCC(CC(=O)NC(CC(C)C)C(=O)NC(CCC(=O)O)C(=O)NC1C(C)OC(=O)C(CC(C)C)NC(=O)C(CO)NC(=O)C(CC(C)C)NC(=O)C(CO)NC(=O)C(CC(C)C)NC(=O)C(C(C)C)NC1=O)O
None	../../var-scoring/gnps_positive_MH_unique/gnps_positive_MH_unique.mgf	5198	5198	1808	Szentiamide_Szentiamide	16	6.9e-32	837.406	838.409	-1	M+H	1	CC(C)CC(C(=O)NC1C(C)OC(=O)C(Cc2c[nH]c3ccccc23)NC(=O)C(Cc2ccc(cc2)O)NC(=O)C(C(C)C)NC(=O)C(Cc2ccccc2)NC1=O)NC=O
None	../../var-scoring/gnps_positive_MH_unique/gnps_positive_MH_unique.mgf	7448	7448	3824	Lichenysin-G8b	14	8.6e-32	1048.71	1049.72	-1	M+H	1	N1C(=O)C(NC(=O)C(NC(=O)C(NC(=O)C(NC(=O)C(NC(=O)C(NC(=O)CC(OC(=O)C1C(CC)C)CCCCCCCCCC(C)C)CCC(=O)N)CC(C)C)CC(C)C)C(CC)C)CC(=O)O)CC(C)C
None	../../var-scoring/gnps_positive_MH_unique/gnps_positive_MH_unique.mgf	1702	1702	2757	Bacillus_pumilus_KMM_1364_Lipodepsipeptides_KMM_1364F	15	9.5e-31	1077.73	1078.74	-1	M+H	1	CCC(C)CCCCCCCCCCC1CC(=O)NC(CCC(=O)O)C(=O)NC(CC(C)C)C(=O)NC(CC(C)C)C(=O)NC(CC(C)C)C(=O)NC(CC(=O)O)C(=O)NC(CC(C)C)C(=O)NC(C(C)CC)C(=O)O1
None	../../var-scoring/gnps_positive_MH_unique/gnps_positive_MH_unique.mgf	5763	5763	3787	Peptidolipin_NA	14	1.3e-30	963.662	964.666	-1	M+H	1	N12C(=O)C(NC(=O)C(NC(=O)[C@@H](NC(=O)CC(OC(=O)C(NC(=O)C(NC(=O)C(NC(=O)C1CCC2)C(CC)C)C)C(O)C)CCCCCCCCCCCCCCCCC)[C@H](O)C)C(C)C)C
None	../../var-scoring/gnps_positive_MH_unique/gnps_positive_MH_unique.mgf	9376	9376	4102	[Ile2Val7]-Surfactin_C14i_dimethyl_ester	15	1.4e-30	1035.68	1036.69	-1	M+H	1	N1C(=O)C(NC(=O)[C@@H](NC(=O)[C@H](NC(=O)CC(OC(=O)[C@@H](NC(=O)[C@H](NC(=O)[C@@H](NC(=O)[C@@H]1C(C)C)CC(=O)OC)CC(C)C)C(C)C)CCCCCCCCC(C)C)CCC(=O)OC)C(CC)C)CC(C)C
None	../../var-scoring/gnps_positive_MH_unique/gnps_positive_MH_unique.mgf	5466	5466	4255	Aurantin_II	15	3.0e-30	1254.63	1255.64	-1	M+H	1	c1(c2c(c(c(=O)c1N)C)oc1c(n2)c(C(=O)NC2C(=O)NC(C(=O)N3C(C(=O)N(CC(=O)N(C(C(=O)OC2C)C(C)C)C)C)CCC3)C(CC)C)ccc1)C(=O)NC1C(=O)NC(C(=O)N2C(C(=O)N(CC(=O)N(C(C(=O)OC1C)C(C)C)C)C)CCC2)C(C)C
None	../../var-scoring/gnps_positive_MH_unique/gnps_positive_MH_unique.mgf	8000	8000	3817	Daitocidin_B2	15	3.7e-30	1063.71	1064.72	-1	M+H	1	N1C(=O)C(NC(=O)C(NC(=O)C(NC(=O)C(NC(=O)C(NC(=O)C(NC(=O)CC(OC(=O)C1C(CC)C)CCCCCCCCCCCCC)CCC(=O)O)CC(C)C)CC(C)C)CC(C)C)CC(=O)O)CC(C)C
None	../../var-scoring/gnps_positive_MH_unique/gnps_positive_MH_unique.mgf	10206	10206	1091	Surfactin_Surfactin_C1	18	7.1e-30	1035.68	1036.69	-1	M+H	1	CC(C)CCCCCCCCCC1CC(=O)NC(CCC(=O)O)C(=O)NC(CC(C)C)C(=O)NC(CC(C)C)C(=O)NC(C(C)C)C(=O)NC(CC(=O)O)C(=O)NC(CC(C)C)C(=O)NC(CC(C)C)C(=O)O1
None	../../var-scoring/gnps_positive_MH_unique/gnps_positive_MH_unique.mgf	5280	5280	4152	Pitiprolamide	16	3.7e-29	904.531	905.538	-1	M+H	1	N12C(=O)[C@@H](OC(=O)[C@H]3N(C(=O)[C@@H](NC(=O)C([C@H](OC(=O)[C@H]4N(C(=O)[C@@H](NC(=O)[C@H]5N(C(=O)[C@@H]1CCC2)CCC5)[C@@H](Cc1ccccc1)C)CCC4)CCC)(C)C)C(C)C)CCC3)C(C)C
None	../../var-scoring/gnps_positive_MH_unique/gnps_positive_MH_unique.mgf	9307	9307	4089	[Ile7]-Surfactin_C14_monomethyl_ester	14	6.2e-29	1035.68	1036.69	-1	M+H	1	N1C(=O)C(NC(=O)[C@@H](NC(=O)[C@H](NC(=O)CC(OC(=O)[C@@H](NC(=O)[C@H](NC(=O)[C@@H](NC(=O)[C@@H]1C(C)C)CC(=O)OC)CC(C)C)C(CC)C)CCCCCCCCCCC)CCC(=O)O)CC(C)C)CC(C)C
None	../../var-scoring/gnps_positive_MH_unique/gnps_positive_MH_unique.mgf	9330	9330	669	Iturin_A_Iturin_A6	14	8.5e-29	1070.58	1071.58	-1	M+H	1	CC(C)CCCCCCCCCCC1CC(=O)NC(CC(=N)O)C(=O)NC(Cc2ccc(cc2)O)C(=O)NC(CC(=N)O)C(=O)NC(CCC(=N)O)C(=O)N2CCCC2C(=O)NC(CC(=N)O)C(=O)NC(CO)C(=O)N1
None	../../var-scoring/gnps_positive_MH_unique/gnps_positive_MH_unique.mgf	5510	5510	4106	[Ile7]-Surfactin_C13ai_dimethyl_ester	14	9.9e-29	1035.68	1036.68	-1	M+H	1	N1C(=O)C(NC(=O)[C@@H](NC(=O)[C@H](NC(=O)CC(OC(=O)[C@@H](NC(=O)[C@H](NC(=O)[C@@H](NC(=O)[C@@H]1C(C)C)CC(=O)OC)CC(C)C)C(CC)C)CCCCCCC(CC)C)CCC(=O)OC)CC(C)C)CC(C)C
None	../../var-scoring/gnps_positive_MH_unique/gnps_positive_MH_unique.mgf	1370	1370	4491	Leucinostatin_K;_Paecilotoxin_K	11	1.2e-28	1233.83	1234.84	-1	M+H	1	N1([C@H](C(=O)N[C@@H](C(=O)N[C@H](C(=O)NC(C(=O)N[C@H](C(=O)N[C@@H](C(=O)NC(C(=O)NC(C(=O)NCCC(=O)N[C@H](C[N+]([O-])(C)C)C)(C)C)(C)C)CC(C)C)CC(C)C)(C)C)[C@@H](C(C)C)O)C[C@@H](CC(CC(=O)CC)O)C)C[C@@H](C1)C)C(=O)/C=C/[C@@H](CC)C
None	../../var-scoring/gnps_positive_MH_unique/gnps_positive_MH_unique.mgf	5460	5460	302	Xentrivalpeptides_Xentrivalpeptide_A	16	1.3e-28	859.484	860.487	-1	M+H	1	CC(C)C(C(=O)NC1C(C)OC(=O)C(C(C)C)NC(=O)C(C(C)C)NC(=O)C(C(C)C)NC(=O)C2CCCN2C(=O)C(Cc2ccccc2)NC1=O)NC(=O)Cc1ccccc1
None	../../var-scoring/gnps_positive_MH_unique/gnps_positive_MH_unique.mgf	4466	4466	688	Xentrivalpeptides_Xentrivalpeptide_L	15	1.6e-28	825.5	826.502	-1	M+H	1	CC(C)CC1C(=O)N2CCCC2C(=O)NC(C(C)C)C(=O)NC(C(C)C)C(=O)NC(C(C)C)C(=O)OC(C)C(C(=O)N1)NC(=O)C(C(C)C)NC(=O)Cc1ccccc1
None	../../var-scoring/gnps_positive_MH_unique/gnps_positive_MH_unique.mgf	6225	6225	4097	[Ile2Val7]-Surfactin_C15_dimethyl_ester	14	4.7e-28	1049.7	1050.71	-1	M+H	1	N1C(=O)C(NC(=O)[C@@H](NC(=O)[C@H](NC(=O)CC(OC(=O)[C@@H](NC(=O)[C@H](NC(=O)[C@@H](NC(=O)[C@@H]1C(C)C)CC(=O)OC)CC(C)C)C(C)C)CCCCCCCCCCCC)CCC(=O)OC)C(CC)C)CC(C)C
None	../../var-scoring/gnps_positive_MH_unique/gnps_positive_MH_unique.mgf	10357	10357	78	Massetolides_Massetolide_A	14	5.5e-28	1139.71	1140.7	-1	M+H	1	CCCCCCCC(CC(=O)NC(CC(C)C)C(=O)NC(CCC(=O)O)C(=O)NC1C(C)OC(=O)C(C(C)CC)NC(=O)C(CO)NC(=O)C(CC(C)C)NC(=O)C(CO)NC(=O)C(CC(C)C)NC(=O)C(C(C)CC)NC1=O)O
None	../../var-scoring/gnps_positive_MH_unique/gnps_positive_MH_unique.mgf	862	862	3719	L-Valyl-L-leucyl-L-prolyl-L-valyl-L-prol	10	9.7e-28	651.396	652.4	-1	M+H	1	N1(C(=O)[C@@H](NC(=O)[C@H]2N(C(=O)[C@@H](NC(=O)[C@@H](N)C(C)C)CC(C)C)CCC2)C(C)C)C(C(=O)N[C@H](C(=O)O)CCC(=O)N)CCC1
None	../../var-scoring/gnps_positive_MH_unique/gnps_positive_MH_unique.mgf	4284	4284	2786	Dolastatin_1_15-Epimer,_31-methyl,_11-N-Me	15	1.2e-27	1012.62	1013.63	-1	M+H	1	CCCC1C(C)C(=O)OC(C(C)CC)C(=O)NCC(=O)N(C)C(CC(C)C)C(=O)NCC(=O)N(C)C(C(C)C)C(=O)N(C)C(Cc2ccc(cc2)OC)C(=O)NC(C)C(=O)C(C)(C)C(=O)N(C)C(C)C(=O)N1
None	../../var-scoring/gnps_positive_MH_unique/gnps_positive_MH_unique.mgf	11510	11510	2159	Iturin_A_7-L-Asparagine_analogue	14	1.8e-27	1083.57	1084.58	-1	M+H	1	CC(C)CCCCCCCCCC1CC(=O)NC(CC(=N)O)C(=O)NC(Cc2ccc(cc2)O)C(=O)NC(CC(=N)O)C(=O)NC(CCC(=N)O)C(=O)N2CCCC2C(=O)NC(CC(=N)O)C(=O)NC(CC(=N)O)C(=O)N1
None	../../var-scoring/gnps_positive_MH_unique/gnps_positive_MH_unique.mgf	266	266	2914	Enniatins_Enniatin_O1	11	2.4e-27	667.441	668.445	-1	M+H	1	CCC(C)C1C(=O)N(C)C(CC(C)C)C(=O)OC(C(C)C)C(=O)N(C)C(C(C)C)C(=O)OC(C(C)C)C(=O)N(C)C(C(C)C)C(=O)O1
None	../../var-scoring/gnps_positive_MH_unique/gnps_positive_MH_unique.mgf	4602	4602	3305	Taxillaid_structure_0	16	4.2e-27	807.547	808.549	-1	M+H	1	O=C(N[C@H]1[C@@H](C)OC(=O)[C@H](C)NC(=O)[C@@H](NC(=O)[C@@H](CC(C)C)NC(=O)C(NC(=O)[C@H](CC(C)C)NC(=O)C(NC1=O)C)CC(C)C)CC(C)C)CCCC(C)C
None	../../var-scoring/gnps_positive_MH_unique/gnps_positive_MH_unique.mgf	11644	11644	2957	Massetolides_Diastereoisomer	12	4.8e-27	1167.74	1168.75	-1	M+H	1	CCCCCCCCCC(CC(=O)NC(CC(C)C)C(=O)NC(CCC(=O)O)C(=O)NC1C(C)OC(=O)C(C(C)CC)NC(=O)C(CO)NC(=O)C(CC(C)C)NC(=O)C(CO)NC(=O)C(CC(C)C)NC(=O)C(C(C)CC)NC1=O)O
None	../../var-scoring/gnps_positive_MH_unique/gnps_positive_MH_unique.mgf	6353	6353	4522	[8'-Hydroxy-MeBmf]1-cyclosporin	14	6.5e-27	1217.84	1218.85	-1	M+H	1	N1(C(=O)[C@H](N(C(=O)[C@@H](N(C(=O)[C@@H](N(C(=O)[C@H](NC(=O)[C@@H](NC(=O)[C@H](N(C(=O)[C@@H](NC(=O)[C@@H](N(C(=O)CN(C(=O)[C@H](NC(=O)[C@@H]1[C@@H]([C@@H](C/C=C/CO)C)O)CC)C)C)CC(C)C)C(C)C)C)CC(C)C)C)C)C)CC(C)C)C)CC(C)C)C)C(C)C)C
None	../../var-scoring/gnps_positive_MH_unique/gnps_positive_MH_unique.mgf	9648	9648	2658	Cyclosporin,_9CI_Cyclosporin_V	14	6.6e-27	1215.86	1216.87	-1	M+H	1	CC=CCC(C)C(C1C(=O)NC(CC)C(=O)N(C)CC(=O)N(C)C(CC(C)C)C(=O)NC(C(C)C)C(=O)N(C)C(CC(C)C)C(=O)NC(CC)C(=O)NC(C)C(=O)N(C)C(CC(C)C)C(=O)N(C)C(CC(C)C)C(=O)N(C)C(C(C)C)C(=O)N1C)O
None	../../var-scoring/gnps_positive_MH_unique/gnps_positive_MH_unique.mgf	2704	2704	2295	Aspergillicin_E_Aspergillicin_E	12	1.2e-26	754.427	755.432	-1	M+H	1	CCC(C)C1C(=O)N2CCCC2C(=O)N2CCCC2C(=O)N(C)C(Cc2ccc(cc2)OC)C(=O)NC(C(C)CC)C(=O)OC(C)C(C(=O)N1)NC(=O)C
None	../../var-scoring/gnps_positive_MH_unique/gnps_positive_MH_unique.mgf	9598	9598	2146	Pitipeptolide_E_Pitipeptolide_E	14	1.6e-26	793.463	794.471	-1	M+H	1	C#CCCCC1C(C)(C)C(=O)NC(C(C)C)C(=O)N(C)C(Cc2ccccc2)C(=O)OC(C(C)C)C(=O)N2CCCC2C(=O)NC(C(C)CC)C(=O)NCC(=O)O1
None	../../var-scoring/gnps_positive_MH_unique/gnps_positive_MH_unique.mgf	4302	4302	3213	Sansalvamide_A_N9-Me	12	1.6e-26	600.389	601.393	-1	M+H	1	CC(C)CC1C(=O)OC(CC(C)C)C(=O)NC(C(C)C)C(=O)N(C)C(CC(C)C)C(=O)NC(Cc2ccccc2)C(=O)N1
None	../../var-scoring/gnps_positive_MH_unique/gnps_positive_MH_unique.mgf	783	783	3839	stylostatin_1	13	3.1e-26	742.401	743.409	-1	M+H	1	c1c(cccc1)C[C@H]1C(=O)N[C@H](C(=O)N[C@H](C(=O)N[C@H](C(=O)N[C@H](C(=O)N[C@H](C(=O)N2[C@H](C(=O)N1)CCC2)[C@H](CC)C)C)CC(C)C)CO)CC(=O)N
None	../../var-scoring/gnps_positive_MH_unique/gnps_positive_MH_unique.mgf	7768	7768	1965	Acuminatum_Acuminatum_B	13	5.8e-26	887.537	888.544	-1	M+H	1	CCCCCCCCCCC(C)C1CC(=O)NC(C(C)O)C(=O)NC(C)C(=O)NC(C)C(=O)NC(CCC(=N)O)C(=O)NC(Cc2ccc(cc2)O)C(=O)NC(C(C)CC)C(=O)O1
None	../../var-scoring/gnps_positive_MH_unique/gnps_positive_MH_unique.mgf	11041	11041	546	Destruxins_Piperidine_homologue,_4'ξ,5'-epoxide	12	7.7e-26	607.358	608.368	-1	M+H	1	CCC(C)C1C(=O)N(C)C(C(C)C)C(=O)N(C)C(C)C(=O)NCCC(=O)OC(CC2CO2)C(=O)N2CCCCC2C(=O)N1
None	../../var-scoring/gnps_positive_MH_unique/gnps_positive_MH_unique.mgf	3462	3462	3089	Exumolide_A_Exumolide_A	12	1.0e-25	729.41	730.418	-1	M+H	1	CC(C)CC1C(=O)NC(Cc2ccccc2)C(=O)NC(Cc2ccccc2)C(=O)N2CCCC2C(=O)OC(CC(C)C)C(=O)N2CCCC2C(=O)N1C
None	../../var-scoring/gnps_positive_MH_unique/gnps_positive_MH_unique.mgf	6662	6662	2828	Cordyheptapeptide_A_Cordyheptapeptide_A	11	1.1e-25	879.489	880.489	-1	M+H	1	CCC(C)C1C(=O)NC(CC(C)C)C(=O)N(C)C(Cc2ccccc2)C(=O)N2CCCC2C(=O)N(C)CC(=O)NC(Cc2ccccc2)C(=O)N(C)C(Cc2ccc(cc2)O)C(=O)N1
None	../../var-scoring/gnps_positive_MH_unique/gnps_positive_MH_unique.mgf	615	615	3868	Trikoningin-KB-I	11	1.2e-25	1037.68	1038.69	-1	M+H	1	C(=O)(NC(C(=O)NCC(=O)NCC(=O)NC(C(=O)NC(C(=O)NCC(=O)NC(C(=O)NC(CC(C)C)CO)C(CC)C)(C)C)C(C)C)(C)C)C(NC(=O)CNC(=O)C(NC(=O)CCCCCCC)(C)C)C(C)C
None	../../var-scoring/gnps_positive_MH_unique/gnps_positive_MH_unique.mgf	3900	3900	3561	WS-7338-A;_BE-18257-A	11	1.2e-25	598.311	599.326	-1	M+H	1	N1C(=O)C(NC(=O)C(NC(=O)C(NC(=O)C(NC(=O)C1C(C)C)CC(C)C)Cc1c[nH]c2c1cccc2)CCC(=O)O)C
None	../../var-scoring/gnps_positive_MH_unique/gnps_positive_MH_unique.mgf	4771	4771	616	JBIR_113_JBIR_113	11	1.5e-25	595.301	596.308	-1	M+H	1	CC1C(=O)N2CCCC2C(=O)N2CCCCC2C(=O)N2CCCCC2C(=O)OC(C)C(C(=O)N1)NC(=O)c1ccccc1
None	../../var-scoring/gnps_positive_MH_unique/gnps_positive_MH_unique.mgf	1587	1587	2715	Bacillus_pumilus_KMM_1364_Lipodepsipeptides_KMM_1364E	14	3.4e-25	1063.71	1064.72	-1	M+H	1	CC(C)CCCCCCCCCCCC1CC(=O)NC(CCC(=O)O)C(=O)NC(CC(C)C)C(=O)NC(CC(C)C)C(=O)NC(CC(C)C)C(=O)NC(CC(=O)O)C(=O)NC(CC(C)C)C(=O)NC(C(C)C)C(=O)O1
None	../../var-scoring/gnps_positive_MH_unique/gnps_positive_MH_unique.mgf	7307	7307	2856	Arenamide_B_Arenamide_B	12	3.7e-25	643.394	644.39	-1	M+H	1	CCCCC(C)C1CC(=O)NCC(=O)NC(C(C)C)C(=O)NC(CC(C)C)C(=O)NC(C)C(=O)NC(Cc2ccccc2)C(=O)O1
None	../../var-scoring/gnps_positive_MH_unique/gnps_positive_MH_unique.mgf	5738	5738	856	Actinomycin_D,_8CI,_9CI,_JAN_43β-Oxo	12	4.4e-25	1268.61	1269.63	-1	M+H	1	CC(C)C1C(=O)N2CCCC2C(=O)N(C)CC(=O)N(C)C(C(C)C)C(=O)OC(C)C(C(=O)N1)NC(=O)c1ccc(C)c2c1nc1c(c(c(=O)c(C)c1o2)N)C(=O)NC1C(C)OC(=O)C(C(C)C)N(C)C(=O)CN(C)C(=O)C2CC(=O)CN2C(=O)C(C(C)C)NC1=O
None	../../var-scoring/gnps_positive_MH_unique/gnps_positive_MH_unique.mgf	6106	6106	2552	Pseudodesmin_A_Pseudodesmin_A	12	4.7e-25	1124.71	1125.72	-1	M+H	1	CCCCCCCC(CC(=O)NC(CC(C)C)C(=O)NC(CCC(=N)O)C(=O)NC1C(C)OC(=O)C(C(C)CC)NC(=O)C(CO)NC(=O)C(CC(C)C)NC(=O)C(CO)NC(=O)C(CC(C)C)NC(=O)C(C(C)C)NC1=O)O
None	../../var-scoring/gnps_positive_MH_unique/gnps_positive_MH_unique.mgf	1100	1100	3793	Lichenysin-G1a	10	1.2e-24	992.652	993.656	-1	M+H	1	N1C(=O)C(NC(=O)C(NC(=O)C(NC(=O)C(NC(=O)C(NC(=O)C(NC(=O)CC(OC(=O)C1C(C)C)CCCCCCC(CC)C)CCC(=O)N)CC(C)C)CC(C)C)C(C)C)CC(=O)O)CC(C)C
None	../../var-scoring/gnps_positive_MH_unique/gnps_positive_MH_unique.mgf	10916	10916	2395	Pseudodestruxin_C_Pseudodestruxin_C	13	1.4e-24	669.41	670.417	-1	M+H	1	CC(C)CC1C(=O)N2CCC(C)C2C(=O)NC(Cc2ccccc2)C(=O)N(C)C(C(C)C)C(=O)N(C)C(C(C)C)C(=O)NCCC(=O)O1
None	../../var-scoring/gnps_positive_MH_unique/gnps_positive_MH_unique.mgf	7960	7960	1007	PF_1171A_PF_1171A	12	1.4e-24	654.41	655.41	-1	M+H	1	CCC(C)C1C(=O)Nc2ccccc2C(=O)N2CCCCC2C(=O)N(C)C(CC(C)C)C(=O)NC(C)C(=O)NC(CC(C)C)C(=O)N1
None	../../var-scoring/gnps_positive_MH_unique/gnps_positive_MH_unique.mgf	11215	11215	2419	Cyclosporin,_9CI_Cyclosporin_P	14	3.5e-24	1203.82	1204.83	-1	M+H	1	CC=CCC(C)C(C1C(=O)NC(C(C)O)C(=O)N(C)CC(=O)N(C)C(CC(C)C)C(=O)NC(C(C)C)C(=O)N(C)C(CC(C)C)C(=O)NC(C)C(=O)NC(C)C(=O)N(C)C(CC(C)C)C(=O)N(C)C(CC(C)C)C(=O)N(C)C(C(C)C)C(=O)N1)O
None	../../var-scoring/gnps_positive_MH_unique/gnps_positive_MH_unique.mgf	11404	11404	4110	[Ile7]-Surfactin_C14i_dimethyl_ester	14	3.9e-24	1049.7	1050.71	-1	M+H	1	N1C(=O)C(NC(=O)[C@@H](NC(=O)[C@H](NC(=O)CC(OC(=O)[C@@H](NC(=O)[C@H](NC(=O)[C@@H](NC(=O)[C@@H]1C(C)C)CC(=O)OC)CC(C)C)C(CC)C)CCCCCCCCC(C)C)CCC(=O)OC)CC(C)C)CC(C)C
None	../../var-scoring/gnps_positive_MH_unique/gnps_positive_MH_unique.mgf	5307	5307	1206	Destruxins_Piperidine_homologue,_4',5'-dihydro,_4'ξ,5'-dihydroxy	11	6.2e-24	625.369	626.375	-1	M+H	1	CCC(C)C1C(=O)N(C)C(C(C)C)C(=O)N(C)C(C)C(=O)NCCC(=O)OC(CC(CO)O)C(=O)N2CCCCC2C(=O)N1
None	../../var-scoring/gnps_positive_MH_unique/gnps_positive_MH_unique.mgf	1961	1961	408	Enniatins_Enniatin_J2	11	8.2e-24	625.394	626.404	-1	M+H	1	CCC(C)C1C(=O)OC(C(C)C)C(=O)N(C)C(C)C(=O)OC(C(C)C)C(=O)N(C)C(C(C)C)C(=O)OC(C(C)C)C(=O)N1C
None	../../var-scoring/gnps_positive_MH_unique/gnps_positive_MH_unique.mgf	6538	6538	952	Surfactin_Surfactin_B1	11	8.4e-24	1021.67	1022.67	-1	M+H	1	CC(C)CCCCCCCCC1CC(=O)NC(CCC(=O)O)C(=O)NC(CC(C)C)C(=O)NC(CC(C)C)C(=O)NC(C(C)C)C(=O)NC(CC(=O)O)C(=O)NC(CC(C)C)C(=O)NC(CC(C)C)C(=O)O1
None	../../var-scoring/gnps_positive_MH_unique/gnps_positive_MH_unique.mgf	6653	6653	3721	Grividomycin-III;_5-(4-Methylisoleucine)	10	1.2e-23	850.423	851.424	-1	M+H	1	N12C(C(=O)N(CC(=O)NC(C(=O)NCC(=O)N(C(C(=O)OC(C(C(=O)NC(C1=O)CC(C)C)NC(=O)c1ncccc1O)C)c1ccccc1)C)C(C(C)C)C)C)CC(C2)O
None	../../var-scoring/gnps_positive_MH_unique/gnps_positive_MH_unique.mgf	9187	9187	2416	Hypomurocin_A_Hypomurocin_A5	10	1.4e-23	1188.78	1189.78	-1	M+H	1	CCC(C)C(C(=O)NC(C(C)CC)C(=O)NC(C)(C)C(=O)N1CCCC1C(=O)NC(CC(C)C)C(=O)NC(CC(C)C)C(=O)NC(C)(C)C(=O)N1CCCC1C(=O)NC(CC(C)C)CO)NC(=O)C(CCC(=N)O)NC(=O)C(C)(C)NC(=O)C
None	../../var-scoring/gnps_positive_MH_unique/gnps_positive_MH_unique.mgf	11351	11351	4141	Trichorovin-IXb	10	1.5e-23	1174.77	1175.77	-1	M+H	1	N1(C(=O)C(NC(=O)C(NC(=O)C(NC(=O)C(NC(=O)C(NC(=O)C)(C)C)CCC(=O)N)CC(C)C)CC(C)C)(C)C)C(C(=O)NC(C(=O)NC(C(=O)NC(C(=O)N2C(C(=O)NC(C(C)C)CO)CCC2)(C)C)CC(C)C)CC(C)C)CCC1
None	../../var-scoring/gnps_positive_MH_unique/gnps_positive_MH_unique.mgf	10671	10671	2438	Isariins_Isariin_G1	11	1.8e-23	609.41	610.411	-1	M+H	1	CCCCCCCC1CC(=O)NCC(=O)NC(C(C)C)C(=O)NC(CC(C)C)C(=O)NC(C)C(=O)NC(C(C)C)C(=O)O1
None	../../var-scoring/gnps_positive_MH_unique/gnps_positive_MH_unique.mgf	487	487	433	SNA_60-367_SNA_60-367-2	10	2.5e-23	1462.8	1463.8	-1	M+H	1	CCC(C)C1C(=O)Oc2ccc(cc2)CC(C(=O)NC(C(C)O)C(=O)NC(CCC(=O)O)C(=O)NC(C)C(=O)N2CCCC2C(=O)NC(CCC(=N)O)C(=O)NC(Cc2ccc(cc2)O)C(=O)N1)NC(=O)C(CCCN)NC(=O)C(CCC(=O)O)NC(=O)CC(CCCCCCCCCCC(C)C)O
None	../../var-scoring/gnps_positive_MH_unique/gnps_positive_MH_unique.mgf	7742	7742	1111	Sporidesmolides_Sporidesmolide_I	11	2.9e-23	638.425	639.435	-1	M+H	1	CC(C)CC1C(=O)OC(C(C)C)C(=O)NC(C(C)C)C(=O)N(C)C(CC(C)C)C(=O)OC(C(C)C)C(=O)NC(C(C)C)C(=O)N1
None	../../var-scoring/gnps_positive_MH_unique/gnps_positive_MH_unique.mgf	9413	9413	736	Emericellamides_Emericellamide_A	11	3.0e-23	609.41	610.416	-1	M+H	1	CCCCCCC(C)C1C(C)C(=O)NCC(=O)NC(C(C)C)C(=O)NC(CC(C)C)C(=O)NC(C)C(=O)NC(C)C(=O)O1
None	../../var-scoring/gnps_positive_MH_unique/gnps_positive_MH_unique.mgf	8236	8236	1468	Xentrivalpeptide_Q_Xentrivalpeptide_Q	12	3.2e-23	760.416	761.418	-1	M+H	1	CC(C)C(C(=O)NC1C(C)OC(=O)C(C(C)C)NC(=O)C(C(C)C)NC(=O)C2CCCN2C(=O)C(Cc2ccccc2)NC1=O)NC(=O)Cc1ccccc1
None	../../var-scoring/gnps_positive_MH_unique/gnps_positive_MH_unique.mgf	10630	10630	3740	Socein_A	11	3.6e-23	868.376	869.383	-1	M+H	1	C12C(NC(=O)CC(CNC(=O)CNC(=O)C(NC(=O)CN(C(=O)CC3(NC(=O)CC3NC1=O)O)C)Cc1c[nH]c3c1cccc3)O)C(C(O2)C/C=C/C=C/C=C/c1ccccc1)O
None	../../var-scoring/gnps_positive_MH_unique/gnps_positive_MH_unique.mgf	651	651	4127	Trichorovin-VIIb	10	3.7e-23	1160.75	1161.75	-1	M+H	1	N1(C(=O)C(NC(=O)C(NC(=O)C(NC(=O)C(NC(=O)C(NC(=O)C)(C)C)CCC(=O)N)C(C)C)CC(C)C)(C)C)C(C(=O)NC(C(=O)NC(C(=O)NC(C(=O)N2C(C(=O)NC(C(C)C)CO)CCC2)(C)C)CC(C)C)CC(C)C)CCC1
None	../../var-scoring/gnps_positive_MH_unique/gnps_positive_MH_unique.mgf	8507	8507	216	Destruxins_1-(3S-Methyl-L-proline)_analogue,_4',5'-dihydro,_4'S-hydroxy,_5'-chloro	11	5.3e-23	643.335	644.35	-1	M+H	1	CCC(C)C1C(=O)N(C)C(C(C)C)C(=O)N(C)C(C)C(=O)NCCC(=O)OC(CC(CCl)O)C(=O)N2CCC(C)C2C(=O)N1
None	../../var-scoring/gnps_positive_MH_unique/gnps_positive_MH_unique.mgf	977	977	586	Isariins_Isariin_A	11	5.9e-23	637.441	638.441	-1	M+H	1	CCCCCCCCCC1CC(=O)NCC(=O)NC(C(C)C)C(=O)NC(CC(C)C)C(=O)NC(C)C(=O)NC(C(C)C)C(=O)O1
None	../../var-scoring/gnps_positive_MH_unique/gnps_positive_MH_unique.mgf	11836	11836	2302	WS_9326A_WS_9326A	11	6.6e-23	1036.49	1037.49	-1	M+H	1	CCCC=Cc1ccccc1C=CC(=O)NC1C(C)OC(=O)C(CO)NC(=O)C(CC(=N)O)NC(=O)C(C(C)O)NC(=O)C(Cc2ccccc2)NC(=O)C(CC(C)C)NC(=O)C(=Cc2ccc(cc2)O)N(C)C1=O
None	../../var-scoring/gnps_positive_MH_unique/gnps_positive_MH_unique.mgf	5612	5612	3872	Mycosubtilin_III	14	9.7e-23	1084.59	1085.6	-1	M+H	1	N12C(=O)C(NC(=O)C(NC(=O)C(NC(=O)C(NC(=O)CC(NC(=O)C(NC(=O)C(NC(=O)C1CCC2)CO)CC(=O)N)CCCCCCCCCCCC(C)C)CC(=O)N)Cc1ccc(cc1)O)CC(=O)N)CCC(=O)N
None	../../var-scoring/gnps_positive_MH_unique/gnps_positive_MH_unique.mgf	3692	3692	1602	Isaridins_Isaridin_E	11	1.2e-22	655.394	656.399	-1	M+H	1	CC(C)CC1C(=O)N2CCCC2C(=O)NC(Cc2ccccc2)C(=O)N(C)C(C(C)C)C(=O)N(C)C(C(C)C)C(=O)NCCC(=O)O1
None	../../var-scoring/gnps_positive_MH_unique/gnps_positive_MH_unique.mgf	8104	8104	479	Enniatins_Enniatin_H	11	1.6e-22	653.425	654.434	-1	M+H	1	CCC(C)C1C(=O)N(C)C(C(C)C)C(=O)OC(C(C)C)C(=O)N(C)C(C(C)C)C(=O)OC(C(C)C)C(=O)N(C)C(C(C)C)C(=O)O1
None	../../var-scoring/gnps_positive_MH_unique/gnps_positive_MH_unique.mgf	3558	3558	1192	Nostopeptolide_A_4'-Epimer	12	2.3e-22	1080.59	1081.59	-1	M+H	1	CCCC(=O)NC(C(C)CC)C(=O)NC1COC(=O)C2CCCN2C(=O)C(Cc2ccc(cc2)O)NC(=O)C(CC(=N)O)NC(=O)CNC(=O)C(CC(C)C)NC(=O)CC(=O)C(CC(C)C)NC(=O)C2CC(C)CN2C1=O
None	../../var-scoring/gnps_positive_MH_unique/gnps_positive_MH_unique.mgf	9088	9088	189	Etamycin_A_N9-De-Me	9	3.4e-22	864.438	865.443	-1	M+H	1	CC(C)CC1C(=O)N2CC(CC2C(=O)N(C)CC(=O)NC(C(C)C(C)C)C(=O)NC(C)C(=O)N(C)C(c2ccccc2)C(=O)OC(C)C(C(=O)N1)NC(=O)c1c(cccn1)O)O
None	../../var-scoring/gnps_positive_MH_unique/gnps_positive_MH_unique.mgf	996	996	4077	[Val7]-Surfactin_C13ai	9	4.9e-22	993.636	994.644	-1	M+H	1	N1C(=O)C(NC(=O)[C@@H](NC(=O)[C@H](NC(=O)CC(OC(=O)[C@@H](NC(=O)[C@H](NC(=O)[C@@H](NC(=O)[C@@H]1C(C)C)CC(=O)O)CC(C)C)C(C)C)CCCCCCC(CC)C)CCC(=O)O)CC(C)C)CC(C)C
None	../../var-scoring/gnps_positive_MH_unique/gnps_positive_MH_unique.mgf	3431	3431	1203	Microsporin_B_6'-Ketone	9	7.6e-22	512.3	513.308	-1	M+H	1	CCC(=O)CCCCCC1C(=O)NC(C)C(=O)NC(Cc2ccccc2)C(=O)N2CCCCC2C(=O)N1
None	../../var-scoring/gnps_positive_MH_unique/gnps_positive_MH_unique.mgf	2181	2181	4107	Leucinostatin_N	8	8.2e-22	1119.76	1120.77	-1	M+H	1	N1(C(C(=O)NC(C(=O)NC(C(=O)NC(C(=O)NC(C(=O)NC(C(=O)NC(C(=O)NC(C(=O)NCCC(=O)NC(CNC)C)(C)C)(C)C)CC(C)C)CC(C)C)(C)C)C(C(C)C)O)CC(CO)C)CC(C1)C)C(=O)/C=C/[C@@H](CC)C
None	../../var-scoring/gnps_positive_MH_unique/gnps_positive_MH_unique.mgf	10886	10886	48	Isariins_Isariin_D	10	9.8e-22	539.332	540.339	-1	M+H	1	CCCCC1CC(=O)NCC(=O)NC(C(C)C)C(=O)NC(CC(C)C)C(=O)NC(C)C(=O)NC(C)C(=O)O1
None	../../var-scoring/gnps_positive_MH_unique/gnps_positive_MH_unique.mgf	719	719	3484	E'Pepsinostreptin'	8	1.1e-21	671.447	672.447	-1	M+H	1	CC(C[C@@H]([C@@H](CC(=O)N[C@@H](C(=O)N[C@@H]([C@@H](CC(=O)O)O)CC(C)C)C)O)NC(=O)[C@@H](C(C)C)NC(=O)[C@@H](C(C)C)NC(=O)C(C)C)C
None	../../var-scoring/gnps_positive_MH_unique/gnps_positive_MH_unique.mgf	4972	4972	1893	Emericellamides_Emericellamide_C	10	2.0e-21	595.394	596.402	-1	M+H	1	CCCCCCCC1C(C)C(=O)NCC(=O)NC(C(C)C)C(=O)NC(CC(C)C)C(=O)NC(C)C(=O)NC(C)C(=O)O1
None	../../var-scoring/gnps_positive_MH_unique/gnps_positive_MH_unique.mgf	8689	8689	380	Beauvericins_Beauvericin_D	10	2.3e-21	769.394	770.394	-1	M+H	1	CC(C)C1C(=O)NC(Cc2ccccc2)C(=O)OC(C(C)C)C(=O)N(C)C(Cc2ccccc2)C(=O)OC(C(C)C)C(=O)N(C)C(Cc2ccccc2)C(=O)O1
None	../../var-scoring/gnps_positive_MH_unique/gnps_positive_MH_unique.mgf	8758	8758	2668	Destruxins_4',5'-Dihydro,_4'ξ,5'-dihydroxy	11	2.7e-21	611.353	612.36	-1	M+H	1	CCC(C)C1C(=O)N(C)C(C(C)C)C(=O)N(C)C(C)C(=O)NCCC(=O)OC(CC(CO)O)C(=O)N2CCCC2C(=O)N1
None	../../var-scoring/gnps_positive_MH_unique/gnps_positive_MH_unique.mgf	10803	10803	2007	Acuminatum_Acuminatum_C	11	3.0e-21	873.521	874.53	-1	M+H	1	CCCCCCCCCCC(C)C1CC(=O)NC(C(C)O)C(=O)NC(C)C(=O)NC(C)C(=O)NC(CCC(=N)O)C(=O)NC(Cc2ccc(cc2)O)C(=O)NC(C(C)C)C(=O)O1
None	../../var-scoring/gnps_positive_MH_unique/gnps_positive_MH_unique.mgf	503	503	964	Actinomycin_Au6a_Actinomycin_Au6a	11	3.7e-21	1282.66	1283.67	-1	M+H	1	CCC(C)C1C(=O)N2CCCC2C(=O)N(C)CC(=O)N(C)C(C(C)C)C(=O)OC(C)C(C(=O)N1)NC(=O)c1ccc(C)c2c1nc1c(c(c(=O)c(C)c1o2)N)C(=O)NC1C(C)OC(=O)C(C(C)C)N(C)C(=O)CN(C)C(=O)C2CCCN2C(=O)C(CC(C)C)NC1=O
None	../../var-scoring/gnps_positive_MH_unique/gnps_positive_MH_unique.mgf	4522	4522	2761	Leucinostatin_D_N9-Oxide	8	4.3e-21	1133.78	1134.79	-1	M+H	1	CCC(C)C=CC(=O)N1CC(C)CC1C(=O)NC(CC(C)C)C(=O)NC(C(C(C)C)O)C(=O)NC(C)(C)C(=O)NC(CC(C)C)C(=O)NC(CC(C)C)C(=O)NC(C)(C)C(=O)NC(C)(C)C(=O)NCCC(=O)NC(C)CN(=O)(C)C
None	../../var-scoring/gnps_positive_MH_unique/gnps_positive_MH_unique.mgf	10319	10319	4133	Trichorovin-IVb	11	4.7e-21	1160.75	1161.76	-1	M+H	1	N1(C(=O)C(NC(=O)C(NC(=O)C(NC(=O)C(NC(=O)C(NC(=O)C)(C)C)CCC(=O)N)CC(C)C)C(C)C)(C)C)C(C(=O)NC(C(=O)NC(C(=O)NC(C(=O)N2C(C(=O)NC(C(C)C)CO)CCC2)(C)C)CC(C)C)CC(C)C)CCC1
None	../../var-scoring/gnps_positive_MH_unique/gnps_positive_MH_unique.mgf	326	326	2290	Isariins_Isariin_C2	10	5.4e-21	567.363	568.369	-1	M+H	1	CCCCC1CC(=O)NCC(=O)NC(C(C)C)C(=O)NC(CC(C)C)C(=O)NC(C)C(=O)NC(C(C)C)C(=O)O1
None	../../var-scoring/gnps_positive_MH_unique/gnps_positive_MH_unique.mgf	5266	5266	187	Kurstakins_Kurstakin_4	9	5.6e-21	905.497	906.508	-1	M+H	1	CC(C)CCCCCCCCCC(=O)NC(C(C)O)C(=O)NCC(=O)NC(C)C(=O)NC1COC(=O)C(CCC(=N)O)NC(=O)C(CCC(=N)O)NC(=O)C(Cc2ncc[nH]2)NC1=O
None	../../var-scoring/gnps_positive_MH_unique/gnps_positive_MH_unique.mgf	5354	5354	220	Halovirs_4'-Deoxy	8	7.1e-21	849.63	850.636	-1	M+H	1	CCCCCCCCCCCCCC(=O)NC(C)(C)C(=O)N1CCCC1C(=O)NC(CC(C)C)C(=O)NC(C(C)C)C(=O)NC(CCC(=N)O)C(=O)NC(CC(C)C)CO
None	../../var-scoring/gnps_positive_MH_unique/gnps_positive_MH_unique.mgf	3712	3712	3838	Bacillomycin_D3;_Raubitschek_substance	9	8.6e-21	1044.55	1045.55	-1	M+H	1	N12C(=O)C(NC(=O)C(NC(=O)C(NC(=O)CC(NC(=O)C(NC(=O)C(NC(=O)C(NC(=O)C1CCC2)CCC(=O)O)CO)C(O)C)CCCCCCCCC(CC)C)CC(=O)N)Cc1ccc(cc1)O)CC(=O)N
None	../../var-scoring/gnps_positive_MH_unique/gnps_positive_MH_unique.mgf	10904	10904	1307	Bursaphelocide_B_Bursaphelocide_B	10	8.7e-21	607.394	608.406	-1	M+H	1	CCC(C)C1C(=O)N(C)C(C(C)C)C(=O)N(C)C(C)C(=O)NCCC(=O)OC(C(C)CC)C(=O)N2CC(C)CC2C(=O)N1
None	../../var-scoring/gnps_positive_MH_unique/gnps_positive_MH_unique.mgf	11175	11175	771	Scopularide_A_Scopularide_A	10	9.1e-21	671.426	672.437	-1	M+H	1	CCCCCCC(C)C1CC(=O)NCC(=O)NC(C(C)C)C(=O)NC(CC(C)C)C(=O)NC(C)C(=O)NC(Cc2ccccc2)C(=O)O1
None	../../var-scoring/gnps_positive_MH_unique/gnps_positive_MH_unique.mgf	11137	11137	1008	Enniatins_Enniatin_G	10	9.7e-21	667.441	668.454	-1	M+H	1	CC(C)CC1C(=O)OC(C(C)C)C(=O)N(C)C(CC(C)C)C(=O)OC(C(C)C)C(=O)N(C)C(C(C)C)C(=O)OC(C(C)C)C(=O)N1C
None	../../var-scoring/gnps_positive_MH_unique/gnps_positive_MH_unique.mgf	2788	2788	1862	Veraguamide_A_Debromo,_35,35,36,36-tetrahydro	10	1.2e-20	692.472	693.489	-1	M+H	1	CCCCCC1C(C)C(=O)NC(C(C)C)C(=O)N(C)C(C(C)C)C(=O)OC(C(C)CC)C(=O)N2CCCC2C(=O)N(C)C(C(C)C)C(=O)O1
None	../../var-scoring/gnps_positive_MH_unique/gnps_positive_MH_unique.mgf	267	267	173	Destruxins_Piperidine_homologue,_5'-carboxylic_acid	10	1.5e-20	637.369	638.377	-1	M+H	1	CCC(C)C1C(=O)N(C)C(C(C)C)C(=O)N(C)C(C)C(=O)NCCC(=O)OC(CC(C)C(=O)O)C(=O)N2CCCCC2C(=O)N1
None	../../var-scoring/gnps_positive_MH_unique/gnps_positive_MH_unique.mgf	3297	3297	1834	Veraguamide_A_Debromo,_35,36-dihydro	10	1.5e-20	690.457	691.473	-1	M+H	1	C=CCCCC1C(C)C(=O)NC(C(C)C)C(=O)N(C)C(C(C)C)C(=O)OC(C(C)CC)C(=O)N2CCCC2C(=O)N(C)C(C(C)C)C(=O)O1
None	../../var-scoring/gnps_positive_MH_unique/gnps_positive_MH_unique.mgf	497	497	2515	Cyclosporin,_9CI_Cyclosporin_R	10	2.3e-20	1173.81	1174.82	-1	M+H	1	CC=CCC(C)C(C1C(=O)NC(CC)C(=O)N(C)CC(=O)N(C)C(CC(C)C)C(=O)NC(C(C)C)C(=O)NC(CC(C)C)C(=O)NC(C)C(=O)NC(C)C(=O)N(C)C(CC(C)C)C(=O)NC(CC(C)C)C(=O)N(C)C(C(C)C)C(=O)N1C)O
None	../../var-scoring/gnps_positive_MH_unique/gnps_positive_MH_unique.mgf	10029	10029	3180	Veraguamide_E_Veraguamide_E	10	2.9e-20	716.472	717.484	-1	M+H	1	C#CCCCC1C(C)C(=O)NC(C(C)CC)C(=O)N(C)C(C(C)CC)C(=O)OC(C(C)CC)C(=O)N2CCCC2C(=O)N(C)C(C(C)C)C(=O)O1
None	../../var-scoring/gnps_positive_MH_unique/gnps_positive_MH_unique.mgf	10375	10375	3156	Veraguamide_D_Veraguamide_D	10	3.0e-20	702.457	703.469	-1	M+H	1	C#CCCCC1C(C)C(=O)NC(C(C)C)C(=O)N(C)C(C(C)C)C(=O)OC(C(C)CC)C(=O)N2CCCC2C(=O)N(C)C(C(C)CC)C(=O)O1
None	../../var-scoring/gnps_positive_MH_unique/gnps_positive_MH_unique.mgf	10472	10472	2593	Sansalvamide_A_Sansalvamide_A	9	3.4e-20	586.373	587.379	-1	M+H	1	CC(C)CC1C(=O)NC(Cc2ccccc2)C(=O)NC(CC(C)C)C(=O)OC(CC(C)C)C(=O)NC(C(C)C)C(=O)N1
None	../../var-scoring/gnps_positive_MH_unique/gnps_positive_MH_unique.mgf	10017	10017	3586	Sporidesmolide_IV	10	3.7e-20	652.441	653.45	-1	M+H	1	N1(C(=O)C(NC(=O)C(OC(=O)C(NC(=O)C(NC(=O)C(OC(=O)C1CC(C)C)C(C)C)C(C)C)CC(C)C)CC(C)C)C(C)C)C
None	../../var-scoring/gnps_positive_MH_unique/gnps_positive_MH_unique.mgf	1618	1618	4000	Brunsvicamide_B	9	5.5e-20	858.5	859.517	-1	M+H	1	N1(C(=O)[C@@H](NC(=O)[C@@H](NC(=O)[C@@H](NC(=O)N[C@H](C(=O)O)[C@H](CC)C)CCCCNC(=O)[C@@H](NC(=O)[C@@H]1Cc1c[nH]c2c1cccc2)Cc1ccccc1)[C@H](CC)C)CC(C)C)C
None	../../var-scoring/gnps_positive_MH_unique/gnps_positive_MH_unique.mgf	10267	10267	2399	Guineamide_G_Guineamide_G	9	6.5e-20	741.41	742.422	-1	M+H	1	C#CCCCC1C(C)(C)C(=O)NC(C(C)C)C(=O)N(C)C(Cc2ccccc2)C(=O)N2CCCC2C(=O)N(C)C(Cc2ccccc2)C(=O)NCC(=O)O1
None	../../var-scoring/gnps_positive_MH_unique/gnps_positive_MH_unique.mgf	1329	1329	1175	Antibiotic_WF_3161_Antibiotic_WF_3161	10	6.8e-20	568.326	569.333	-1	M+H	1	CC(C)CC1C(=O)N2CCCCC2C(=O)NC(CCCCCC(=O)C2CO2)C(=O)NC(Cc2ccccc2)C(=O)N1
None	../../var-scoring/gnps_positive_MH_unique/gnps_positive_MH_unique.mgf	6203	6203	2506	Aselacin_A_9''-Ketone	9	8.8e-20	906.485	907.498	-1	M+H	1	CCCCCC=CC=CC(=O)CCCCCCCC(=O)NC(CCC(=N)O)C(=O)NC1C(C)OC(=O)CNC(=O)C(CO)NC(=O)C(Cc2c[nH]c3ccccc23)NC(=O)CCNC1=O
None	../../var-scoring/gnps_positive_MH_unique/gnps_positive_MH_unique.mgf	3148	3148	1806	Veraguamide_A_Debromo	9	9.9e-20	688.441	689.455	-1	M+H	1	C#CCCCC1C(C)C(=O)NC(C(C)C)C(=O)N(C)C(C(C)C)C(=O)OC(C(C)CC)C(=O)N2CCCC2C(=O)N(C)C(C(C)C)C(=O)O1
None	../../var-scoring/gnps_positive_MH_unique/gnps_positive_MH_unique.mgf	8254	8254	1856	Microsporin_B_Microsporin_B	8	1.7e-19	514.316	515.322	-1	M+H	1	CCC(CCCCCC1C(=O)NC(C)C(=O)NC(Cc2ccccc2)C(=O)N2CCCCC2C(=O)N1)O
None	../../var-scoring/gnps_positive_MH_unique/gnps_positive_MH_unique.mgf	897	897	483	Beauvericins_Beauvericin_F	9	1.9e-19	797.425	798.44	-1	M+H	1	CC(C)CC1C(=O)N(C)C(Cc2ccccc2)C(=O)OC(C(C)C)C(=O)N(C)C(Cc2ccccc2)C(=O)OC(C(C)C)C(=O)N(C)C(Cc2ccccc2)C(=O)O1
None	../../var-scoring/gnps_positive_MH_unique/gnps_positive_MH_unique.mgf	2313	2313	369	Apicidin_Apicidin	8	2.6e-19	623.368	624.377	-1	M+H	1	CCC(C)C1C(=O)N2CCCCC2C(=O)NC(CCCCCC(=O)CC)C(=O)NC(Cc2cn(c3ccccc23)OC)C(=O)N1
None	../../var-scoring/gnps_positive_MH_unique/gnps_positive_MH_unique.mgf	1822	1822	473	Apicidin_Valine_analogue	8	3.1e-19	609.353	610.362	-1	M+H	1	CCC(=O)CCCCCC1C(=O)NC(Cc2cn(c3ccccc23)OC)C(=O)NC(C(C)C)C(=O)N2CCCCC2C(=O)N1
None	../../var-scoring/gnps_positive_MH_unique/gnps_positive_MH_unique.mgf	2052	2052	124	Cyclosporin,_9CI_N5-De-Me	10	3.2e-19	1173.81	1174.81	-1	M+H	1	CC=CCC(C)C(C1C(=O)NC(C)C(=O)N(C)CC(=O)N(C)C(CC(C)C)C(=O)NC(C(C)C)C(=O)N(C)C(CC(C)C)C(=O)NC(C)C(=O)NC(C)C(=O)N(C)C(CC(C)C)C(=O)N(C)C(CC(C)C)C(=O)NC(C(C)C)C(=O)N1C)O
None	../../var-scoring/gnps_positive_MH_unique/gnps_positive_MH_unique.mgf	2766	2766	1581	Almiramide_C_Almiramide_C	7	4.0e-19	726.504	727.513	-1	M+H	1	C=CCCCCC(C)C(=O)N(C)C(C(C)C)C(=O)N(C)C(C(C)C)C(=O)NC(C(C)C)C(=O)N(C)C(C)C(=O)N(C)C(Cc1ccccc1)C(=N)O
None	../../var-scoring/gnps_positive_MH_unique/gnps_positive_MH_unique.mgf	922	922	1748	Veraguamide_A_Veraguamide_A	9	4.7e-19	766.352	767.365	-1	M+H	1	CCC(C)C1C(=O)N2CCCC2C(=O)N(C)C(C(C)C)C(=O)OC(CCCC#CBr)C(C)C(=O)NC(C(C)C)C(=O)N(C)C(C(C)C)C(=O)O1
None	../../var-scoring/gnps_positive_MH_unique/gnps_positive_MH_unique.mgf	2643	2643	3999	[Ile4]Surfactin	9	4.7e-19	1021.67	1022.67	-1	M+H	1	N1C(=O)C(NC(=O)[C@@H](NC(=O)[C@H](NC(=O)CC(OC(=O)C(NC(=O)C(NC(=O)[C@@H](NC(=O)[C@@H]1C(CC)C)CC(=O)O)CC(C)C)CC(C)C)CCCCCCCC(C)C)CCC(=O)O)CC(C)C)CC(C)C
None	../../var-scoring/gnps_positive_MH_unique/gnps_positive_MH_unique.mgf	4175	4175	2320	Isariins_Isariin_E	9	5.5e-19	553.348	554.359	-1	M+H	1	CCCC1CC(=O)NCC(=O)NC(C(C)C)C(=O)NC(CC(C)C)C(=O)NC(C)C(=O)NC(C(C)C)C(=O)O1
None	../../var-scoring/gnps_positive_MH_unique/gnps_positive_MH_unique.mgf	5213	5213	3593	Pepstatin_B	7	6.6e-19	699.478	700.486	-1	M+H	1	C(=O)(NC(C(=O)NC(C(CC(=O)NC(C(=O)NC(C(CC(=O)O)O)CC(C)C)C)O)CC(C)C)C(C)C)C(NC(=O)CCCCC)C(C)C
None	../../var-scoring/gnps_positive_MH_unique/gnps_positive_MH_unique.mgf	9666	9666	3734	Emericellamide_B	9	9.4e-19	651.457	652.464	-1	M+H	1	O1[C@@H]([C@H](C(=O)NCC(=O)N[C@H](C(=O)N[C@H](C(=O)N[C@H](C(=O)N[C@H](C1=O)C)C)CC(C)C)C(C)C)C)[C@H](C[C@H](CCCCCC)C)C
None	../../var-scoring/gnps_positive_MH_unique/gnps_positive_MH_unique.mgf	8275	8275	401	Destruxins_Destruxin_A	10	1.1e-18	577.348	578.355	-1	M+H	1	C=CCC1C(=O)N2CCCC2C(=O)NC(C(C)CC)C(=O)N(C)C(C(C)C)C(=O)N(C)C(C)C(=O)NCCC(=O)O1
None	../../var-scoring/gnps_positive_MH_unique/gnps_positive_MH_unique.mgf	7698	7698	477	Enniatins_Enniatin_K1	9	1.1e-18	625.394	626.4	-1	M+H	1	CCC1C(=O)OC(C(C)C)C(=O)N(C)C(C(C)C)C(=O)OC(C(C)C)C(=O)N(C)C(C(C)C)C(=O)OC(C(C)C)C(=O)N1C
None	../../var-scoring/gnps_positive_MH_unique/gnps_positive_MH_unique.mgf	5431	5431	3094	Hantupeptin_A_7',7',8',8'-Tetrahydro	9	1.1e-18	740.472	741.477	-1	M+H	1	CCCCCC1C(C)C(=O)NC(C(C)C)C(=O)N(C)C(C(C)CC)C(=O)OC(Cc2ccccc2)C(=O)N2CCCC2C(=O)N(C)C(C(C)C)C(=O)O1
None	../../var-scoring/gnps_positive_MH_unique/gnps_positive_MH_unique.mgf	3130	3130	4086	[Ile2,Val7]-Surfactin_C14i	8	1.1e-18	1007.65	1008.66	-1	M+H	1	N1C(=O)C(NC(=O)[C@@H](NC(=O)[C@H](NC(=O)CC(OC(=O)[C@@H](NC(=O)[C@H](NC(=O)[C@@H](NC(=O)[C@@H]1C(C)C)CC(=O)O)CC(C)C)C(C)C)CCCCCCCCC(C)C)CCC(=O)O)C(CC)C)CC(C)C
None	../../var-scoring/gnps_positive_MH_unique/gnps_positive_MH_unique.mgf	908	908	2011	Apramide_A_Apramide_A	8	1.1e-18	976.582	977.59	-1	M+H	1	C#CCCCCC(C)C(=O)N(C)C(C)C(=O)N(C)C(C(C)C)C(=O)N1CCCC1C(=O)N(C)C(C(C)C)C(=O)N(C)C(C(C)C)C(=O)N(C)C(Cc1ccc(cc1)OC)C(=O)N(C)Cc1nccs1
None	../../var-scoring/gnps_positive_MH_unique/gnps_positive_MH_unique.mgf	4715	4715	375	Enniatins_Enniatin_J1	9	2.5e-18	611.378	612.38	-1	M+H	1	CC(C)C1C(=O)OC(C(C)C)C(=O)N(C)C(C)C(=O)OC(C(C)C)C(=O)N(C)C(C(C)C)C(=O)OC(C(C)C)C(=O)N1C
None	../../var-scoring/gnps_positive_MH_unique/gnps_positive_MH_unique.mgf	10062	10062	371	Destruxins_Piperidine_homologue	9	2.7e-18	591.363	592.368	-1	M+H	1	C=CCC1C(=O)N2CCCCC2C(=O)NC(C(C)CC)C(=O)N(C)C(C(C)C)C(=O)N(C)C(C)C(=O)NCCC(=O)O1
None	../../var-scoring/gnps_positive_MH_unique/gnps_positive_MH_unique.mgf	10550	10550	3592	Sporidesmolide_V	9	2.8e-18	666.457	667.463	-1	M+H	1	N1(C(=O)C(NC(=O)C(OC(=O)C(NC(=O)C(NC(=O)C(OC(=O)C1CC(C)C)C(C)C)C(CC)C)CC(C)C)CC(C)C)C(C)C)C
None	../../var-scoring/gnps_positive_MH_unique/gnps_positive_MH_unique.mgf	7182	7182	1130	Microcystin_Microcystin_FR	10	2.9e-18	1028.53	1029.54	-1	M+H	1	CC(=CC(C)C(Cc1ccccc1)OC)C=CC1C(C)C(=O)NC(CCC(=O)N(C)C(=C)C(=O)NC(C)C(=O)NC(Cc2ccccc2)C(=O)NC(C(C)C(=O)NC(CCCNC(=N)N)C(=O)N1)C(=O)O)C(=O)O
None	../../var-scoring/gnps_positive_MH_unique/gnps_positive_MH_unique.mgf	10520	10520	1440	Ilamycins_Ilamycin_B1	7	3.1e-18	1011.58	1012.59	-1	M+H	1	CC=CCC1C(=O)NC(Cc2cn(c3ccccc23)C(C)(C)C=C)C(=O)N(C)C(CC(C)C)C(=O)NC(Cc2ccc(c(c2)N(=O)=O)O)C(=O)NC(C)C(=O)N(C)C(CC(C)C)C(=O)NC(CC(C)C)C(=O)N1
None	../../var-scoring/gnps_positive_MH_unique/gnps_positive_MH_unique.mgf	7013	7013	2310	Hypomurocin_A_Hypomurocin_A2	8	3.2e-18	1174.77	1175.77	-1	M+H	1	CCC(C)(C(=O)NC(CCC(=N)O)C(=O)NC(C(C)C)C(=O)NC(C(C)C)C(=O)NC(C)(C)C(=O)N1CCCC1C(=O)NC(CC(C)C)C(=O)NC(CC(C)C)C(=O)NC(C)(C)C(=O)N1CCCC1C(=O)NC(CC(C)C)CO)NC(=O)C
None	../../var-scoring/gnps_positive_MH_unique/gnps_positive_MH_unique.mgf	9989	9989	3104	Thalassospiramide_B_Thalassospiramide_B	8	3.9e-18	1061.6	1062.61	-1	M+H	1	CCCCCCC=CCC(=O)NC(Cc1ccccc1)C(CC(=O)NC(C(C)C)C(=O)NC(CO)C(CC(=O)NC(C(C)C)C(=O)NC1C=CC(=O)NC(C(C)C)C(=O)N(C)C(Cc2ccc(cc2)O)C(=O)OC1)O)O
None	../../var-scoring/gnps_positive_MH_unique/gnps_positive_MH_unique.mgf	9496	9496	651	Ornibactin_C4_N5-Deacyl,_N5-(3ξ-hydroxyhexanoyl)	7	6.0e-18	708.365	709.37	-1	M+H	1	CCCC(CC(=O)N(CCCC(C(=O)NC(C(C(=O)O)O)C(=O)NC(CO)C(=O)NC(CCCN(C=O)O)C(=O)NCCCCN)N)O)O
None	../../var-scoring/gnps_positive_MH_unique/gnps_positive_MH_unique.mgf	5788	5788	3398	acetyl-pepstatin	7	6.2e-18	643.416	644.431	-1	M+H	1	CC(C[C@@H]([C@H](CC(=O)N[C@H](C(=O)N[C@H]([C@H](CC(=O)O)O)CC(C)C)C)O)NC(=O)[C@H](C(C)C)NC(=O)[C@H](C(C)C)NC(=O)C)C
None	../../var-scoring/gnps_positive_MH_unique/gnps_positive_MH_unique.mgf	2792	2792	649	JBIR_114_JBIR_114	8	6.5e-18	581.285	582.292	-1	M+H	1	CC1C(=O)N2CCCC2C(=O)N2CCCC2C(=O)N2CCCCC2C(=O)OC(C)C(C(=O)N1)NC(=O)c1ccccc1
None	../../var-scoring/gnps_positive_MH_unique/gnps_positive_MH_unique.mgf	11130	11130	1403	Ilamycins_Ilamycin_A	8	6.7e-18	1041.55	1042.55	-1	M+H	1	CC=CCC1C(=O)NC(Cc2cn(c3ccccc23)C(C)(C)C2CO2)C(=O)N(C)C(CC(C)C)C(=O)NC(Cc2ccc(c(c2)N(=O)=O)O)C(=O)NC(C)C(=O)N(C)C(CC(C)C=O)C(=O)NC(CC(C)C)C(=O)N1
None	../../var-scoring/gnps_positive_MH_unique/gnps_positive_MH_unique.mgf	7145	7145	2425	Stendomycin_Stendomycin	7	7.2e-18	1628.03	1629.05	-1	M+H	1	CCC(C)C(C(=O)NC(C)C(=O)NC(=CC)C(=O)NC1C(C)OC(=O)C(C2CCNC(=NC)N2C)NC(=O)C(C(C)CC)NC(=O)C(CO)NC(=O)C(C(C)O)NC(=O)C(C(C)C)NC(=O)C(C(C)C)NC1=O)NC(=O)C(C(C)C)NC(=O)CNC(=O)C(C(C)O)N(C)C(=O)C1CCCN1C(=O)CCCCCCCCCCC(C)C
None	../../var-scoring/gnps_positive_MH_unique/gnps_positive_MH_unique.mgf	7445	7445	587	Ornibactin_C4_N5-Deacyl,_N5-(3ξ-hydroxyoctanoyl)	7	7.7e-18	736.397	737.4	-1	M+H	1	CCCCCC(CC(=O)N(CCCC(C(=O)NC(C(C(=O)O)O)C(=O)NC(CO)C(=O)NC(CCCN(C=O)O)C(=O)NCCCCN)N)O)O
None	../../var-scoring/gnps_positive_MH_unique/gnps_positive_MH_unique.mgf	3742	3742	3558	WS-7338-D	7	8.1e-18	584.296	585.303	-1	M+H	1	N1C(=O)C(NC(=O)C(NC(=O)C(NC(=O)C(NC(=O)C1C(C)C)Cc1c[nH]c2c1cccc2)CCC(=O)O)C)C(C)C
None	../../var-scoring/gnps_positive_MH_unique/gnps_positive_MH_unique.mgf	6216	6216	998	Pyoverdin_D_Amide	8	8.9e-18	1332.61	1333.61	-1	M+H	1	CC(C1C(=O)NCCCCC(C(=O)NC(CCCN(C=O)O)C(=O)NC(C(C)O)C(=O)N1)NC(=O)C(CCCN(C=O)O)NC(=O)C(CO)NC(=O)C(CCCNC(=N)N)NC(=O)C(CO)NC(=O)C1CCN=c2c(cc3cc(c(cc3n12)O)O)NC(=O)CCC(=N)O)O
None	../../var-scoring/gnps_positive_MH_unique/gnps_positive_MH_unique.mgf	4018	4018	253	Destruxins_4',5'-Dihydro,_5'-hydroxy,_4'ξ-chloro	8	9.2e-18	629.319	630.325	-1	M+H	1	CCC(C)C1C(=O)N(C)C(C(C)C)C(=O)N(C)C(C)C(=O)NCCC(=O)OC(CC(CO)Cl)C(=O)N2CCCC2C(=O)N1
None	../../var-scoring/gnps_positive_MH_unique/gnps_positive_MH_unique.mgf	5581	5581	2363	Almiramide_C_7,8-Didehydro	7	1.0e-17	724.489	725.497	-1	M+H	1	C#CCCCCC(C)C(=O)N(C)C(C(C)C)C(=O)N(C)C(C(C)C)C(=O)NC(C(C)C)C(=O)N(C)C(C)C(=O)N(C)C(Cc1ccccc1)C(=N)O
None	../../var-scoring/gnps_positive_MH_unique/gnps_positive_MH_unique.mgf	627	627	2182	Enniatins_Enniatin_B1	10	1.4e-17	653.425	654.432	-1	M+H	1	CCC(C)C1C(=O)OC(C(C)C)C(=O)N(C)C(C(C)C)C(=O)OC(C(C)C)C(=O)N(C)C(C(C)C)C(=O)OC(C(C)C)C(=O)N1C
None	../../var-scoring/gnps_positive_MH_unique/gnps_positive_MH_unique.mgf	6089	6089	532	Actinomycin_C2_Actinomycin_C2	9	1.6e-17	1268.64	1269.65	-1	M+H	1	CCC(C)C1C(=O)N2CCCC2C(=O)N(C)CC(=O)N(C)C(C(C)C)C(=O)OC(C)C(C(=O)N1)NC(=O)c1c(c(=O)c(C)c2c1nc1c(ccc(C)c1o2)C(=O)NC1C(C)OC(=O)C(C(C)C)N(C)C(=O)CN(C)C(=O)C2CCCN2C(=O)C(C(C)C)NC1=O)N
None	../../var-scoring/gnps_positive_MH_unique/gnps_positive_MH_unique.mgf	4200	4200	4221	RHM_1	6	1.6e-17	1035.73	1036.74	-1	M+H	1	CC(=O)N[C@@H](C(=O)N[C@H](C(=O)N([C@H](C(=O)N[C@H](C(=O)N([C@H](C(=O)N([C@H](C(=O)N([C@H](C(=O)N([C@H](C(=O)O)C(C)CC)C)C(C)CC)C)C(C)CC)C)C(C)C)C)C(C)CC)CC(C)C)C)C(C)CC)CCC(=O)N
None	../../var-scoring/gnps_positive_MH_unique/gnps_positive_MH_unique.mgf	9786	9786	2328	Almiramide_C_7,8-Dihydro,_7-oxo	7	2.1e-17	742.499	743.51	-1	M+H	1	CC(C)C(C(=O)N(C)C(C)C(=O)N(C)C(Cc1ccccc1)C(=N)O)NC(=O)C(C(C)C)N(C)C(=O)C(C(C)C)N(C)C(=O)C(C)CCCCC(=O)C
None	../../var-scoring/gnps_positive_MH_unique/gnps_positive_MH_unique.mgf	9950	9950	584	GameXPeptide_A_GameXPeptide_A	9	4.8e-17	585.389	586.394	-1	M+H	1	CC(C)CC1C(=O)NC(Cc2ccccc2)C(=O)NC(CC(C)C)C(=O)NC(C(C)C)C(=O)NC(CC(C)C)C(=O)N1
None	../../var-scoring/gnps_positive_MH_unique/gnps_positive_MH_unique.mgf	2088	2088	549	Cotteslosin_B_Cotteslosin_B	7	5.2e-17	649.348	650.359	-1	M+H	1	CCC(C)C1C(=O)N(C)C(Cc2ccc(cc2)O)C(=O)NC(Cc2ccc(cc2)O)C(=O)N2CCCC2C(=O)NC(C(C)C)C(=O)N1
None	../../var-scoring/gnps_positive_MH_unique/gnps_positive_MH_unique.mgf	1438	1438	3780	Beauvericin_G2	8	6.9e-17	755.378	756.382	-1	M+H	1	N1(C(=O)[C@H](OC(=O)[C@@H](N(C(=O)[C@H](OC(=O)[C@@H](N(C(=O)[C@H](OC(=O)[C@@H]1Cc1ccccc1)CC)C)Cc1ccccc1)CC)C)Cc1ccccc1)C(C)C)C
None	../../var-scoring/gnps_positive_MH_unique/gnps_positive_MH_unique.mgf	4417	4417	1312	Veraguamide_K_Veraguamide_K	7	8.4e-17	812.393	813.407	-1	M+H	1	CCC(C)C(C(=O)N1CCCC1C(=O)N(C)C(C(C)C)C(=O)OCC)OC(=O)C(C(C)C)N(C)C(=O)C(C(C)C)NC(=O)C(C)C(CCCC#CBr)O
None	../../var-scoring/gnps_positive_MH_unique/gnps_positive_MH_unique.mgf	7994	7994	1212	Pitipeptolide_A_7,8-Dihydro	9	8.5e-17	809.494	810.5	-1	M+H	1	C=CCCCC1C(C)(C)C(=O)NC(C(C)C)C(=O)N(C)C(Cc2ccccc2)C(=O)OC(C(C)CC)C(=O)N2CCCC2C(=O)NC(C(C)CC)C(=O)NCC(=O)O1
None	../../var-scoring/gnps_positive_MH_unique/gnps_positive_MH_unique.mgf	6028	6028	2329	Beauvericins_Beauvericin_B	8	9.0e-17	811.441	812.444	-1	M+H	1	CCC(C)C1C(=O)N(C)C(Cc2ccccc2)C(=O)OC(C(C)C)C(=O)N(C)C(Cc2ccccc2)C(=O)OC(C(C)CC)C(=O)N(C)C(Cc2ccccc2)C(=O)O1
None	../../var-scoring/gnps_positive_MH_unique/gnps_positive_MH_unique.mgf	2496	2496	1654	1-Alaninechlamydocin_1-Alaninechlamydocin	7	9.1e-17	512.263	513.27	-1	M+H	1	CC1C(=O)NC(Cc2ccccc2)C(=O)N2CCCC2C(=O)NC(CCCCCC(=O)C2CO2)C(=O)N1
None	../../var-scoring/gnps_positive_MH_unique/gnps_positive_MH_unique.mgf	823	823	708	Hormonemate_Hormonemate	7	1.2e-16	752.419	753.426	-1	M+H	1	CCC(C)C(C(=O)OC(C(C)CC)C(=O)OC(C(C)CC)C(=O)OC(C(C)CC)C(=O)OC(C(C)CC)C(=O)OCC(C(C(C(CO)O)O)O)O)O
None	../../var-scoring/gnps_positive_MH_unique/gnps_positive_MH_unique.mgf	8075	8075	932	Actinomycin_D,_8CI,_9CI,_JAN_3α,3β-Bis-L-pipecolic_acid_homologue	9	1.3e-16	1282.66	1283.68	-1	M+H	1	CC(C)C1C(=O)N2CCCCC2C(=O)N(C)CC(=O)N(C)C(C(C)C)C(=O)OC(C)C(C(=O)N1)NC(=O)c1ccc(C)c2c1nc1c(c(c(=O)c(C)c1o2)N)C(=O)NC1C(C)OC(=O)C(C(C)C)N(C)C(=O)CN(C)C(=O)C2CCCCN2C(=O)C(C(C)C)NC1=O
None	../../var-scoring/gnps_positive_MH_unique/gnps_positive_MH_unique.mgf	771	771	3578	Desferriferrichrome	10	1.9e-16	687.319	688.315	-1	M+H	1	N1C(=O)C(NC(=O)CNC(=O)CNC(=O)CNC(=O)C(NC(=O)C1CCCN(C(=O)C)O)CCCN(C(=O)C)O)CCCN(C(=O)C)O
None	../../var-scoring/gnps_positive_MH_unique/gnps_positive_MH_unique.mgf	11001	11001	2942	Enniatins_Enniatin_M1	7	1.9e-16	683.436	684.439	-1	M+H	1	CCC(C)C1C(=O)N(C)C(C(C)C)C(=O)OC(C(=O)N(C)C(C(C)C)C(=O)OC(C(C)C)C(=O)N(C)C(C(C)C)C(=O)O1)C(C)(CC)O
None	../../var-scoring/gnps_positive_MH_unique/gnps_positive_MH_unique.mgf	9898	9898	3371	Ahpatinin_C	8	2.0e-16	685.463	686.483	-1	M+H	1	CC(C[C@@H]([C@H](CC(=O)N[C@H](C(=O)N[C@H]([C@H](CC(=O)O)O)CC(C)C)C)O)NC(=O)[C@@H](C(C)C)NC(=O)[C@@H](C(C)C)NC(=O)CC(C)C)C
None	../../var-scoring/gnps_positive_MH_unique/gnps_positive_MH_unique.mgf	6315	6315	4211	RHM_2	6	2.2e-16	1021.72	1022.72	-1	M+H	1	CC(=O)N[C@@H](C(=O)N[C@H](C(=O)N([C@H](C(=O)N[C@H](C(=O)N([C@H](C(=O)N([C@H](C(=O)N([C@H](C(=O)N([C@H](C(=O)O)C(C)CC)C)C(C)CC)C)C(C)CC)C)C(C)CC)C)C(C)C)CC(C)C)C)C(C)C)CCC(=O)N
None	../../var-scoring/gnps_positive_MH_unique/gnps_positive_MH_unique.mgf	8691	8691	3140	Pleofungin_A_Pleofungin_A	9	3.9e-16	1094.72	1095.73	-1	M+H	1	CCC(C)C(C(=O)NC1C(C)OC(=O)C(CC(C)C)N(C)C(=O)C(C)NC(=O)C(C(C)C)N(C)C(=O)C(C(C)O)NC(=O)C(CC(C)C)N(C)C(=O)C(C(C)CC)NC(=O)C(CC(C)C)OC(=O)C(C(C)C)OC1=O)NC
None	../../var-scoring/gnps_positive_MH_unique/gnps_positive_MH_unique.mgf	5225	5225	2360	Tumescenamide_B_Tumescenamide_B	7	3.9e-16	741.468	742.476	-1	M+H	1	CCCC(C)CC(C)CC(C)C(=O)NC1C(C)OC(=O)C(=CC)NC(=O)C(Cc2ccc(cc2)O)NC(=O)C(C(C)C)NC(=O)C(CC(C)C)NC1=O
None	../../var-scoring/gnps_positive_MH_unique/gnps_positive_MH_unique.mgf	10269	10269	933	Actinomycin_D,_8CI,_9CI,_JAN_43βS-Hydroxy	9	4.5e-16	1270.62	1271.63	-1	M+H	1	CC(C)C1C(=O)N2CCCC2C(=O)N(C)CC(=O)N(C)C(C(C)C)C(=O)OC(C)C(C(=O)N1)NC(=O)c1ccc(C)c2c1nc1c(c(c(=O)c(C)c1o2)N)C(=O)NC1C(C)OC(=O)C(C(C)C)N(C)C(=O)CN(C)C(=O)C2CC(CN2C(=O)C(C(C)C)NC1=O)O
None	../../var-scoring/gnps_positive_MH_unique/gnps_positive_MH_unique.mgf	3076	3076	3253	Coibamide_A_Coibamide_A	9	4.5e-16	1286.81	1287.83	-1	M+H	1	CCC(C)C1C(=O)NC(C)C(=O)N(C)C(CC(C)C)C(=O)NC(Cc2ccc(cc2)OC)C(=O)N(C)C(C)C(=O)OC(C)C(C(=O)N(C)C(COC)C(=O)N1C)N(C)C(=O)C(CC(C)C)N(C)C(=O)C(COC)N(C)C(=O)C(C(C)C)OC(=O)C(C(C)C)N(C)C
None	../../var-scoring/gnps_positive_MH_unique/gnps_positive_MH_unique.mgf	8245	8245	585	Dolastatin_D_Dolastatin_D	8	5.7e-16	573.341	574.355	-1	M+H	1	CCC(C)C1C(=O)NC(C)C(C)C(=O)OC(C(C)C)C(=O)N(C)C(C(C)C)C(=O)OC(Cc2ccccc2)C(=O)N1
None	../../var-scoring/gnps_positive_MH_unique/gnps_positive_MH_unique.mgf	7319	7319	2477	Dolastatin_15_Dolastatin_15	6	7.4e-16	836.505	837.521	-1	M+H	1	CC(C)C(C(=O)N(C)C(C(C)C)C(=O)N1CCCC1C(=O)N1CCCC1C(=O)OC(C(C)C)C(=O)N1C(Cc2ccccc2)C(=CC1=O)OC)NC(=O)C(C(C)C)N(C)C
None	../../var-scoring/gnps_positive_MH_unique/gnps_positive_MH_unique.mgf	4253	4253	2671	Dragonamide_A_Dragonamide_A	6	8.2e-16	653.452	654.452	-1	M+H	1	C#CCCCCC(C)C(=O)N(C)C(C(C)C)C(=O)N(C)C(C(C)C)C(=O)N(C)C(C(C)C)C(=O)N(C)C(Cc1ccccc1)C(=N)O
None	../../var-scoring/gnps_positive_MH_unique/gnps_positive_MH_unique.mgf	6170	6170	1713	Veraguamide_B_Debromo,_35,35,36,36-tetrahydro	7	8.4e-16	678.457	679.473	-1	M+H	1	CCCCCC1C(C)C(=O)NC(C(C)C)C(=O)N(C)C(C(C)C)C(=O)OC(C(C)C)C(=O)N2CCCC2C(=O)N(C)C(C(C)C)C(=O)O1
None	../../var-scoring/gnps_positive_MH_unique/gnps_positive_MH_unique.mgf	11099	11099	3584	Malformin-B4	7	9.0e-16	529.239	530.246	-1	M+H	1	N1C(=O)[C@@H](NC(=O)[C@@H]2NC(=O)[C@H](NC(=O)[C@@H](NC(=O)[C@H]1C(CC)C)C(CC)C)CSSC2)C(C)C
None	../../var-scoring/gnps_positive_MH_unique/gnps_positive_MH_unique.mgf	65	65	475	Rakicidin_A_Rakicidin_A	7	1.0e-15	606.399	607.41	-1	M+H	1	CC(C)CCCCCCCCCCCC(C)C1C(C)C(=O)NC(=C)C=CC(=O)N(C)CC(=O)NC(C(C(=N)O)O)C(=O)O1
None	../../var-scoring/gnps_positive_MH_unique/gnps_positive_MH_unique.mgf	2128	2128	604	Valinomycin_Valinomycin	13	1.1e-15	1110.63	1111.64	-1	M+H	1	CC(C)C1C(=O)OC(C)C(=O)NC(C(C)C)C(=O)OC(C(C)C)C(=O)NC(C(C)C)C(=O)OC(C)C(=O)NC(C(C)C)C(=O)OC(C(C)C)C(=O)NC(C(C)C)C(=O)OC(C)C(=O)NC(C(C)C)C(=O)OC(C(C)C)C(=O)N1
None	../../var-scoring/gnps_positive_MH_unique/gnps_positive_MH_unique.mgf	7486	7486	1525	Isaridins_Isaridin_C1	7	1.2e-15	669.41	670.413	-1	M+H	1	CCC(C)C1C(=O)NCCC(=O)OC(CC(C)C)C(=O)N2CCCC2C(=O)NC(Cc2ccccc2)C(=O)N(C)C(C(C)C)C(=O)N1C
None	../../var-scoring/gnps_positive_MH_unique/gnps_positive_MH_unique.mgf	10508	10508	2808	Radamycin_Radamycin	9	1.3e-15	1105.27	1106.29	-1	M+H	1	CC(C)C1C(=O)NCc2nc(c(C)o2)C(=O)NC(C)c2nc(cs2)C(=O)NC(C)c2nc(cs2)C(=O)NC(=C)C(=O)NC(=C)c2nc(c(C)o2)c2c(ccc(C(=O)NC(=C)C(=O)NC(=C)C(=N)O)n2)c2nc(cs2)C(=O)N1
None	../../var-scoring/gnps_positive_MH_unique/gnps_positive_MH_unique.mgf	4378	4378	2979	Brunsvicamide_C_Brunsvicamide_C	7	1.4e-15	876.475	877.492	-1	M+H	1	CCC(C)C(C(=O)O)NC(=O)NC1CCCCNC(=O)C(Cc2ccccc2)NC(=O)C(CC(=O)c2ccccc2NC=O)N(C)C(=O)C(CC(C)C)NC(=O)C(C(C)C)NC1=O
None	../../var-scoring/gnps_positive_MH_unique/gnps_positive_MH_unique.mgf	962	962	1684	Veraguamide_B_Debromo	7	1.5e-15	674.425	675.442	-1	M+H	1	C#CCCCC1C(C)C(=O)NC(C(C)C)C(=O)N(C)C(C(C)C)C(=O)OC(C(C)C)C(=O)N2CCCC2C(=O)N(C)C(C(C)C)C(=O)O1
None	../../var-scoring/gnps_positive_MH_unique/gnps_positive_MH_unique.mgf	5611	5611	618	Ornibactin_C4_Ornibactin_C4	6	1.6e-15	680.334	681.34	-1	M+H	1	CC(CC(=O)N(CCCC(C(=O)NC(C(C(=O)O)O)C(=O)NC(CO)C(=O)NC(CCCN(C=O)O)C(=O)NCCCCN)N)O)O
None	../../var-scoring/gnps_positive_MH_unique/gnps_positive_MH_unique.mgf	7053	7053	2915	Enniatins_Enniatin_L	7	2.4e-15	669.42	670.433	-1	M+H	1	CCC(C)(C1C(=O)N(C)C(C(C)C)C(=O)OC(C(C)C)C(=O)N(C)C(C(C)C)C(=O)OC(C(C)C)C(=O)N(C)C(C(C)C)C(=O)O1)O
None	../../var-scoring/gnps_positive_MH_unique/gnps_positive_MH_unique.mgf	6109	6109	1780	Somamide_B_Somamide_B	8	2.7e-15	918.449	919.454	-1	M+H	1	CCCC(=O)NC(CCC(=N)O)C(=O)NC1C(C)OC(=O)C(C(C)C)NC(=O)C(Cc2ccc(cc2)O)N(C)C(=O)C(Cc2ccccc2)N2C(CCC(C2=O)NC(=O)C(=CC)NC1=O)O
None	../../var-scoring/gnps_positive_MH_unique/gnps_positive_MH_unique.mgf	10406	10406	4395	Trichovirin_I-7A	6	2.7e-15	1427.91	1428.91	-1	M+H	1	N1(C(=O)C(NC(=O)C(NC(=O)C(NC(=O)C(NC(=O)C)(CC)C)CCC(=O)N)CC(C)C)(C)C)C(C(=O)NC(C(=O)NC(C(=O)NC(C(=O)N2C(C(=O)NC(C(=O)NC(C(=O)NC(C(=O)N3C(C(=O)NC(CC(C)C)CO)CCC3)(C)C)CC(C)C)(CC)C)CCC2)(C)C)C(C)C)C)CCC1
None	../../var-scoring/gnps_positive_MH_unique/gnps_positive_MH_unique.mgf	7042	7042	4122	Trichorovin-Ia	6	2.9e-15	1146.74	1147.75	-1	M+H	1	N1(C(=O)C(NC(=O)C(NC(=O)C(NC(=O)C(NC(=O)C(NC(=O)C)(C)C)CC(=O)N)C(C)C)CC(C)C)(C)C)C(C(=O)NC(C(=O)NC(C(=O)NC(C(=O)N2C(C(=O)NC(C(C)C)CO)CCC2)(C)C)CC(C)C)CC(C)C)CCC1
None	../../var-scoring/gnps_positive_MH_unique/gnps_positive_MH_unique.mgf	2348	2348	3055	Kulomoopunalide_2_Kulomoopunalide_2	8	4.0e-15	702.457	703.466	-1	M+H	1	C#CCCCC1C(C)C(=O)NC(C(C)C)C(=O)N(C)C(C(C)CC)C(=O)OC(C(C)C)C(=O)N2CCCC2C(=O)N(C)C(C(C)CC)C(=O)O1
None	../../var-scoring/gnps_positive_MH_unique/gnps_positive_MH_unique.mgf	11603	11603	61	Majusculamide_D_Majusculamide_D	7	4.7e-15	811.473	812.481	-1	M+H	1	CCCCC(C)CC(C)C(=O)N(C)C(Cc1ccc(cc1)OC)C(=O)NC(C(C)OC(=O)C)C(=O)N(C)C(C(C)C)C(=O)N1CC(CC1C(=O)N1C(C)C=CC1=O)O
None	../../var-scoring/gnps_positive_MH_unique/gnps_positive_MH_unique.mgf	11680	11680	376	Carmabin_A_Carmabin_A	6	6.2e-15	703.431	704.44	-1	M+H	1	C#CCCCCC(C)CC(C)C(=O)N(C)C(Cc1ccccc1)C(=O)NC(C)C(=O)N(C)C(C)C(=O)N(C)C(Cc1ccc(cc1)OC)C(=N)O
None	../../var-scoring/gnps_positive_MH_unique/gnps_positive_MH_unique.mgf	7704	7704	2097	Precarriebowmide_S,S-Dioxide	7	6.4e-15	896.472	897.482	-1	M+H	1	CCCC1C(C)C(=O)OC(C(C)C)C(=O)N(C)C(Cc2ccccc2)C(=O)NC(CCS(=O)(=O)C)C(=O)NC(Cc2ccccc2)C(=O)N(C)C(CC(C)C)C(=O)NC(C)C(=O)N1
None	../../var-scoring/gnps_positive_MH_unique/gnps_positive_MH_unique.mgf	1163	1163	2353	Oxachelin_Oxachelin	6	9.0e-15	635.255	636.267	-1	M+H	1	c1ccc(c(c1)C1=NC(CO1)C(=O)NC(CO)C(=O)NC(CCCN(C=O)O)C(=O)NCCC(=O)NC1CCCN(C1=O)O)O
None	../../var-scoring/gnps_positive_MH_unique/gnps_positive_MH_unique.mgf	6418	6418	1147	Cocosamide_A_Cocosamide_A	7	1.2e-14	743.426	744.436	-1	M+H	1	C=CCCCC1C(C)(C)C(=O)NC(C(C)C)C(=O)N(C)C(Cc2ccccc2)C(=O)N2CCCC2C(=O)N(C)C(Cc2ccccc2)C(=O)NCC(=O)O1
None	../../var-scoring/gnps_positive_MH_unique/gnps_positive_MH_unique.mgf	10427	10427	1135	Cyclosporin,_9CI_Cyclosporin_Z	7	1.3e-14	1173.85	1174.85	-1	M+H	1	CCCCCCC1C(=O)NC(CC)C(=O)N(C)CC(=O)N(C)C(CC(C)C)C(=O)NC(C(C)C)C(=O)N(C)C(CC(C)C)C(=O)NC(C)C(=O)NC(C)C(=O)N(C)C(CC(C)C)C(=O)N(C)C(CC(C)C)C(=O)N(C)C(C(C)C)C(=O)N1C
None	../../var-scoring/gnps_positive_MH_unique/gnps_positive_MH_unique.mgf	3669	3669	773	Dragonamide_A_2',3'-Didehydro	6	1.3e-14	651.436	652.434	-1	M+H	1	C#CCCCC=C(C)C(=O)N(C)C(C(C)C)C(=O)N(C)C(C(C)C)C(=O)N(C)C(C(C)C)C(=O)N(C)C(Cc1ccccc1)C(=N)O
None	../../var-scoring/gnps_positive_MH_unique/gnps_positive_MH_unique.mgf	7927	7927	123	Pseudodesmin_B_Pseudodesmin_B	6	1.6e-14	1110.69	1111.71	-1	M+H	1	CCCCCCCC(CC(=O)NC(CC(C)C)C(=O)NC(CCC(=N)O)C(=O)NC1C(C)OC(=O)C(C(C)C)NC(=O)C(CO)NC(=O)C(CC(C)C)NC(=O)C(CO)NC(=O)C(CC(C)C)NC(=O)C(C(C)C)NC1=O)O
None	../../var-scoring/gnps_positive_MH_unique/gnps_positive_MH_unique.mgf	8393	8393	2974	Pseudacyclin_A_Pseudacyclin_A	6	1.7e-14	739.463	740.471	-1	M+H	1	CCC(C)C1C(=O)NCCCC(C(=O)NC(Cc2ccccc2)C(=O)N2CCCC2C(=O)NC(C(C)CC)C(=O)N1)NC(=O)C(C(C)CC)NC(=O)C
None	../../var-scoring/gnps_positive_MH_unique/gnps_positive_MH_unique.mgf	7262	7262	115	Apramide_A_2'-Demethyl	6	1.9e-14	962.566	963.576	-1	M+H	1	C#CCCCCCC(=O)N(C)C(C)C(=O)N(C)C(C(C)C)C(=O)N1CCCC1C(=O)N(C)C(C(C)C)C(=O)N(C)C(C(C)C)C(=O)N(C)C(Cc1ccc(cc1)OC)C(=O)N(C)Cc1nccs1
None	../../var-scoring/gnps_positive_MH_unique/gnps_positive_MH_unique.mgf	8484	8484	719	[D-Asp3,(E)-Dhb7]Microcystin_LR_9'-O-De-Me,_9'-Ac	9	1.9e-14	1008.53	1009.54	-1	M+H	1	CC=C1C(=O)NC(C)C(=O)NC(CC(C)C)C(=O)NC(CC(=O)NC(CCCNC(=N)N)C(=O)NC(C=CC(=CC(C)C(Cc2ccccc2)OC(=O)C)C)C(C)C(=O)NC(CCC(=O)N1)C(=O)O)C(=O)O
None	../../var-scoring/gnps_positive_MH_unique/gnps_positive_MH_unique.mgf	10614	10614	3239	Carmabin_A_9,9,10,10-Tetrahydro,_9-oxo	6	2.8e-14	721.441	722.446	-1	M+H	1	CC(CCCCC(=O)C)CC(C)C(=O)N(C)C(Cc1ccccc1)C(=O)NC(C)C(=O)N(C)C(C)C(=O)N(C)C(Cc1ccc(cc1)OC)C(=N)O
None	../../var-scoring/gnps_positive_MH_unique/gnps_positive_MH_unique.mgf	1074	1074	69	Apramide_A_7',8'-Dihydro	6	3.5e-14	978.598	979.613	-1	M+H	1	C=CCCCCC(C)C(=O)N(C)C(C)C(=O)N(C)C(C(C)C)C(=O)N1CCCC1C(=O)N(C)C(C(C)C)C(=O)N(C)C(C(C)C)C(=O)N(C)C(Cc1ccc(cc1)OC)C(=O)N(C)Cc1nccs1
None	../../var-scoring/gnps_positive_MH_unique/gnps_positive_MH_unique.mgf	97	97	600	FR_900359_FR_900359	8	5.1e-14	1001.53	1002.53	-1	M+H	1	CCC(=O)NC(C(C(C)C)O)C(=O)OC(C(C)C)C1C(=O)N(C)C(C(C)OC)C(=O)OC(C(C)C)C(C(=O)OC(Cc2ccccc2)C(=O)N(C)C(=C)C(=O)NC(C)C(=O)N(C)C(C)C(=O)N1)NC(=O)C
None	../../var-scoring/gnps_positive_MH_unique/gnps_positive_MH_unique.mgf	5650	5650	590	Enniatins_Enniatin_MK_1688	7	5.3e-14	681.456	682.466	-1	M+H	1	CCC(C)C1C(=O)N(C)C(C(C)C)C(=O)OC(C(C)CC)C(=O)N(C)C(C(C)C)C(=O)OC(C(C)CC)C(=O)N(C)C(C(C)C)C(=O)O1
None	../../var-scoring/gnps_positive_MH_unique/gnps_positive_MH_unique.mgf	8868	8868	4407	Harzianin_HC-13	6	5.3e-14	1443.91	1444.92	-1	M+H	1	N1(C(=O)C(NC(=O)C(NC(=O)C(NC(=O)C(NC(=O)C)(C)C)CCC(=O)N)CC(C)C)(C)C)C(C(=O)NC(C(=O)NC(C(=O)NC(C(=O)N2C(C(=O)NC(C(=O)NC(C(=O)NC(C(=O)N3C(C(=O)NC(CC(C)C)CO)CCC3)(C)C)CC(C)C)(CC)C)CCC2)(C)C)C(CC)C)CO)CCC1
None	../../var-scoring/gnps_positive_MH_unique/gnps_positive_MH_unique.mgf	9911	9911	3057	Hantupeptin_A_7',8'-Dihydro	7	6.8e-14	738.457	739.462	-1	M+H	1	C=CCCCC1C(C)C(=O)NC(C(C)C)C(=O)N(C)C(C(C)CC)C(=O)OC(Cc2ccccc2)C(=O)N2CCCC2C(=O)N(C)C(C(C)C)C(=O)O1
None	../../var-scoring/gnps_positive_MH_unique/gnps_positive_MH_unique.mgf	10333	10333	1014	Beauvericins_4'''-Hydroxy	6	8.3e-14	799.404	800.413	-1	M+H	1	CC(C)C1C(=O)N(C)C(Cc2ccccc2)C(=O)OC(C(C)C)C(=O)N(C)C(Cc2ccc(cc2)O)C(=O)OC(C(C)C)C(=O)N(C)C(Cc2ccccc2)C(=O)O1
None	../../var-scoring/gnps_positive_MH_unique/gnps_positive_MH_unique.mgf	11158	11158	1282	Bursaphelocide_A_Bursaphelocide_A	9	9.1e-14	593.379	594.386	-1	M+H	1	CCC(C)C1C(=O)N(C)C(C(C)C)C(=O)N(C)C(C)C(=O)NCCC(=O)OC(C(C)CC)C(=O)N2CCCC2C(=O)N1
None	../../var-scoring/gnps_positive_MH_unique/gnps_positive_MH_unique.mgf	7	7	294	Dragomabin_Dragomabin	6	9.3e-14	661.384	662.394	-1	M+H	1	C#CCCCCC(C)C(=O)N(C)C(Cc1ccccc1)C(=O)NC(C)C(=O)N(C)C(C)C(=O)N(C)C(Cc1ccc(cc1)OC)C(=N)O
None	../../var-scoring/gnps_positive_MH_unique/gnps_positive_MH_unique.mgf	1866	1866	739	Sporidesmolides_N6-De-Me	7	9.7e-14	624.41	625.416	-1	M+H	1	CC(C)CC1C(=O)OC(C(C)C)C(=O)NC(C(C)C)C(=O)NC(CC(C)C)C(=O)OC(C(C)C)C(=O)NC(C(C)C)C(=O)N1
None	../../var-scoring/gnps_positive_MH_unique/gnps_positive_MH_unique.mgf	3911	3911	2905	Glidobactamine_NThr-(2E,4E-Dodecadienoyl)	6	1.2e-13	520.326	521.332	-1	M+H	1	CCCCCCCC=CC=CC(=O)NC(C(C)O)C(=O)NC1CC(CCNC(=O)C=CC(C)NC1=O)O
None	../../var-scoring/gnps_positive_MH_unique/gnps_positive_MH_unique.mgf	623	623	1603	Enniatins_N,N'-Di-de-Me	6	1.6e-13	611.378	612.393	-1	M+H	1	CC(C)C1C(=O)OC(C(C)C)C(=O)NC(C(C)C)C(=O)OC(C(C)C)C(=O)N(C)C(C(C)C)C(=O)OC(C(C)C)C(=O)N1
None	../../var-scoring/gnps_positive_MH_unique/gnps_positive_MH_unique.mgf	5413	5413	2265	Bassianolide_Bassianolide	7	1.6e-13	908.609	909.614	-1	M+H	1	CC(C)CC1C(=O)OC(C(C)C)C(=O)N(C)C(CC(C)C)C(=O)OC(C(C)C)C(=O)N(C)C(CC(C)C)C(=O)OC(C(C)C)C(=O)N(C)C(CC(C)C)C(=O)OC(C(C)C)C(=O)N1C
None	../../var-scoring/gnps_positive_MH_unique/gnps_positive_MH_unique.mgf	4513	4513	4064	E-Dehydroapratoxin_A	6	3.0e-13	821.476	822.482	-1	M+H	1	N1(C(=O)[C@@H](N(C(=O)[C@@H](NC(=O)/C(=C/[C@@H]2N=C(SC2)/C(=C/C[C@@H](C[C@H](OC(=O)[C@H]2N(C(=O)[C@@H]1[C@H](CC)C)CCC2)C(C)(C)C)C)/C)/C)Cc1ccc(cc1)OC)C)C)C
None	../../var-scoring/gnps_positive_MH_unique/gnps_positive_MH_unique.mgf	987	987	2362	Hantupeptin_A_Hantupeptin_A	7	3.3e-13	736.441	737.447	-1	M+H	1	C#CCCCC1C(C)C(=O)NC(C(C)C)C(=O)N(C)C(C(C)CC)C(=O)OC(Cc2ccccc2)C(=O)N2CCCC2C(=O)N(C)C(C(C)C)C(=O)O1
None	../../var-scoring/gnps_positive_MH_unique/gnps_positive_MH_unique.mgf	971	971	2918	Mozamide_A_Deoxy	6	4.0e-13	844.485	845.502	-1	M+H	1	CCC(C)C(C(=O)O)NC(=O)NC1CCCCNC(=O)C(Cc2ccccc2)NC(=O)C(Cc2c[nH]c3ccccc23)N(C)C(=O)C(CC(C)C)NC(=O)C(C(C)C)NC1=O
None	../../var-scoring/gnps_positive_MH_unique/gnps_positive_MH_unique.mgf	1082	1082	659	Antibiotic_WIN_66306_Antibiotic_WIN_66306	6	4.9e-13	800.386	801.402	-1	M+H	1	CC(=CCc1cc(ccc1O)C(C1C(=O)NCC(=O)NC(Cc2c[nH]c3ccccc23)C(=O)N2CCCC2C(=O)NCC(=O)NC(C(C)C)C(=O)NCC(=O)N1)O)C
None	../../var-scoring/gnps_positive_MH_unique/gnps_positive_MH_unique.mgf	7231	7231	492	Symplostatin_2_Symplostatin_2	6	5.8e-13	1050.51	1051.51	-1	M+H	1	CCCC(=O)NC(C(C)CC)C(=O)NC(CCS(=O)C)C(=O)NC1C(C)OC(=O)C(C(C)C)NC(=O)C(Cc2ccc(cc2)O)N(C)C(=O)C(Cc2ccccc2)N2C(CCC(C2=O)NC(=O)C(=CC)NC1=O)O
None	../../var-scoring/gnps_positive_MH_unique/gnps_positive_MH_unique.mgf	11413	11413	3548	Protodestruxin	6	7.2e-13	579.363	580.368	-1	M+H	1	N12C(=O)C(OC(=O)CCNC(=O)C(NC(=O)C(NC(=O)C(NC(=O)C1CCC2)C(CC)C)C(C)C)C)CCC(C)C
None	../../var-scoring/gnps_positive_MH_unique/gnps_positive_MH_unique.mgf	8739	8739	412	Antibiotic_WIN_68577_Antibiotic_WIN_68577	8	1.2e-12	732.323	733.33	-1	M+H	1	CC(C)C1C(=O)NCC(=O)NC(C(c2ccc(cc2)O)O)C(=O)NCC(=O)NC(Cc2c[nH]c3ccccc23)C(=O)N2CCCC2C(=O)NCC(=O)N1
None	../../var-scoring/gnps_positive_MH_unique/gnps_positive_MH_unique.mgf	2020	2020	472	Destruxins_NVal-De-Me	6	1.3e-12	563.332	564.341	-1	M+H	1	C=CCC1C(=O)N2CCCC2C(=O)NC(C(C)CC)C(=O)NC(C(C)C)C(=O)N(C)C(C)C(=O)NCCC(=O)O1
None	../../var-scoring/gnps_positive_MH_unique/gnps_positive_MH_unique.mgf	2400	2400	325	Versicotide_A_Versicotide_A	6	2.3e-12	479.217	480.22	-1	M+H	1	CC1C(=O)N(C)C(C)C(=O)Nc2ccccc2C(=O)N(C)C(C)C(=O)Nc2ccccc2C(=O)N1
None	../../var-scoring/gnps_positive_MH_unique/gnps_positive_MH_unique.mgf	10420	10420	511	Rakicidin_B_Rakicidin_B	6	3.2e-12	620.415	621.422	-1	M+H	1	CC(C)CCCCCCCCCCCCC(C)C1C(C)C(=O)NC(=C)C=CC(=O)N(C)CC(=O)NC(C(C(=N)O)O)C(=O)O1
None	../../var-scoring/gnps_positive_MH_unique/gnps_positive_MH_unique.mgf	10525	10525	979	Destruxins_2-Valine_analogue,_5'-carboxylic_acid	7	2.3e-11	609.337	610.335	-1	M+H	1	CC(C)C1C(=O)N(C)C(C(C)C)C(=O)N(C)C(C)C(=O)NCCC(=O)OC(CC(C)C(=O)O)C(=O)N2CCCC2C(=O)N1
None	../../var-scoring/gnps_positive_MH_unique/gnps_positive_MH_unique.mgf	5933	5933	712	Bacillibactin_Bacillibactin	6	7.6e-11	882.256	883.265	-1	M+H	1	CC1C(C(=O)OC(C)C(C(=O)OC(C)C(C(=O)O1)NC(=O)CNC(=O)c1cccc(c1O)O)NC(=O)CNC(=O)c1cccc(c1O)O)NC(=O)CNC(=O)c1cccc(c1O)O
